u_index,tag_id,weight
0.0,3.0,4.0
0.0,21.0,5.0
0.0,10.0,1.0
1.0,3.0,5.0
1.0,10.0,2.0
1.0,21.0,4.0
1.0,25.0,2.0
1.0,16.0,2.0
1.0,2.0,1.0
1.0,5.0,1.0
2.0,3.0,6.0
2.0,10.0,4.0
2.0,21.0,4.0
2.0,5.0,5.0
2.0,11.0,6.0
2.0,2.0,2.0
2.0,0.0,1.0
2.0,9.0,1.0
3.0,23.0,3.0
3.0,10.0,3.0
3.0,25.0,1.0
3.0,8.0,1.0
3.0,21.0,2.0
3.0,3.0,1.0
3.0,24.0,1.0
4.0,4.0,3.0
4.0,11.0,3.0
4.0,2.0,6.0
4.0,14.0,1.0
4.0,16.0,1.0
4.0,25.0,2.0
4.0,5.0,3.0
4.0,3.0,5.0
4.0,12.0,2.0
4.0,10.0,3.0
4.0,0.0,1.0
5.0,10.0,2.0
5.0,11.0,6.0
5.0,19.0,3.0
5.0,4.0,3.0
5.0,25.0,3.0
5.0,21.0,1.0
6.0,3.0,5.0
6.0,4.0,11.0
6.0,22.0,3.0
6.0,2.0,6.0
6.0,14.0,2.0
6.0,16.0,1.0
6.0,25.0,5.0
7.0,5.0,3.0
7.0,4.0,1.0
7.0,22.0,2.0
7.0,3.0,8.0
7.0,14.0,1.0
7.0,0.0,1.0
7.0,11.0,3.0
7.0,2.0,1.0
7.0,21.0,4.0
7.0,10.0,2.0
8.0,10.0,2.0
8.0,4.0,2.0
9.0,3.0,3.0
9.0,0.0,3.0
9.0,17.0,2.0
9.0,10.0,1.0
10.0,3.0,5.0
10.0,10.0,3.0
10.0,22.0,3.0
10.0,4.0,5.0
10.0,14.0,2.0
10.0,21.0,1.0
10.0,11.0,1.0
10.0,8.0,1.0
11.0,3.0,11.0
11.0,10.0,2.0
11.0,0.0,3.0
11.0,25.0,2.0
11.0,14.0,3.0
11.0,16.0,3.0
11.0,9.0,2.0
11.0,30.0,1.0
11.0,4.0,1.0
11.0,2.0,1.0
12.0,3.0,4.0
12.0,10.0,2.0
12.0,21.0,2.0
12.0,14.0,1.0
12.0,22.0,2.0
12.0,26.0,3.0
12.0,8.0,1.0
12.0,16.0,1.0
13.0,13.0,1.0
13.0,3.0,6.0
13.0,0.0,2.0
13.0,20.0,1.0
13.0,16.0,4.0
13.0,22.0,3.0
13.0,14.0,3.0
13.0,2.0,2.0
13.0,25.0,2.0
13.0,4.0,2.0
14.0,10.0,5.0
14.0,4.0,6.0
14.0,22.0,7.0
14.0,3.0,5.0
14.0,25.0,3.0
14.0,14.0,3.0
14.0,16.0,1.0
14.0,20.0,1.0
15.0,3.0,6.0
15.0,21.0,3.0
15.0,5.0,1.0
15.0,26.0,1.0
15.0,10.0,2.0
15.0,4.0,2.0
15.0,16.0,2.0
15.0,2.0,2.0
16.0,3.0,9.0
16.0,21.0,4.0
16.0,30.0,2.0
16.0,10.0,4.0
16.0,4.0,2.0
16.0,22.0,5.0
16.0,0.0,2.0
16.0,12.0,2.0
17.0,25.0,3.0
17.0,14.0,1.0
17.0,16.0,1.0
17.0,10.0,3.0
17.0,4.0,4.0
17.0,22.0,2.0
17.0,3.0,1.0
17.0,0.0,1.0
17.0,2.0,3.0
17.0,5.0,3.0
17.0,11.0,2.0
18.0,3.0,10.0
18.0,14.0,2.0
18.0,22.0,1.0
18.0,25.0,1.0
18.0,16.0,1.0
18.0,9.0,4.0
18.0,10.0,1.0
18.0,0.0,3.0
18.0,7.0,2.0
19.0,3.0,9.0
19.0,16.0,2.0
19.0,14.0,1.0
19.0,22.0,3.0
19.0,26.0,2.0
19.0,10.0,7.0
19.0,4.0,2.0
19.0,0.0,6.0
19.0,18.0,1.0
20.0,5.0,4.0
20.0,11.0,3.0
20.0,3.0,4.0
20.0,14.0,1.0
20.0,16.0,3.0
20.0,19.0,1.0
20.0,8.0,1.0
20.0,10.0,1.0
20.0,2.0,1.0
20.0,13.0,1.0
20.0,21.0,1.0
20.0,18.0,1.0
20.0,25.0,1.0
21.0,3.0,8.0
21.0,14.0,1.0
21.0,22.0,1.0
21.0,10.0,3.0
21.0,9.0,2.0
21.0,0.0,2.0
21.0,23.0,1.0
21.0,18.0,2.0
21.0,17.0,2.0
22.0,16.0,7.0
22.0,13.0,6.0
22.0,4.0,3.0
22.0,11.0,3.0
22.0,14.0,6.0
22.0,22.0,1.0
22.0,25.0,2.0
22.0,3.0,1.0
23.0,3.0,3.0
23.0,4.0,9.0
23.0,25.0,3.0
23.0,10.0,10.0
23.0,11.0,6.0
23.0,22.0,2.0
23.0,5.0,2.0
23.0,16.0,2.0
23.0,2.0,2.0
24.0,3.0,6.0
24.0,9.0,2.0
24.0,16.0,2.0
24.0,11.0,4.0
24.0,4.0,2.0
24.0,2.0,2.0
24.0,6.0,1.0
24.0,10.0,5.0
24.0,25.0,3.0
24.0,0.0,1.0
24.0,20.0,1.0
25.0,23.0,1.0
25.0,3.0,5.0
25.0,21.0,1.0
25.0,11.0,6.0
25.0,10.0,1.0
25.0,26.0,1.0
25.0,2.0,5.0
26.0,25.0,5.0
26.0,20.0,1.0
26.0,4.0,6.0
26.0,2.0,3.0
26.0,16.0,1.0
26.0,10.0,1.0
26.0,21.0,1.0
26.0,11.0,1.0
26.0,3.0,1.0
26.0,22.0,1.0
27.0,3.0,7.0
27.0,10.0,2.0
27.0,9.0,1.0
27.0,15.0,1.0
27.0,14.0,1.0
27.0,22.0,1.0
27.0,13.0,1.0
27.0,11.0,1.0
27.0,0.0,2.0
27.0,21.0,1.0
27.0,2.0,1.0
28.0,3.0,5.0
28.0,21.0,4.0
28.0,8.0,3.0
28.0,11.0,1.0
28.0,14.0,1.0
28.0,2.0,1.0
28.0,23.0,2.0
28.0,19.0,1.0
29.0,14.0,8.0
29.0,16.0,4.0
29.0,25.0,8.0
29.0,22.0,5.0
29.0,3.0,5.0
29.0,7.0,1.0
29.0,0.0,2.0
29.0,20.0,1.0
29.0,4.0,3.0
29.0,11.0,3.0
30.0,25.0,2.0
30.0,14.0,1.0
30.0,16.0,1.0
30.0,3.0,7.0
30.0,12.0,4.0
30.0,4.0,5.0
30.0,22.0,2.0
30.0,2.0,1.0
30.0,17.0,1.0
30.0,0.0,1.0
30.0,21.0,2.0
30.0,5.0,2.0
30.0,11.0,2.0
31.0,3.0,7.0
31.0,10.0,5.0
31.0,9.0,2.0
31.0,5.0,3.0
31.0,11.0,1.0
31.0,22.0,1.0
31.0,21.0,1.0
31.0,4.0,3.0
31.0,2.0,2.0
32.0,3.0,4.0
32.0,30.0,1.0
32.0,4.0,2.0
32.0,20.0,1.0
32.0,24.0,1.0
32.0,22.0,2.0
32.0,28.0,1.0
32.0,25.0,1.0
32.0,13.0,1.0
32.0,16.0,1.0
33.0,25.0,1.0
33.0,14.0,1.0
33.0,16.0,5.0
33.0,3.0,8.0
33.0,21.0,2.0
33.0,22.0,5.0
33.0,4.0,3.0
33.0,26.0,1.0
33.0,11.0,1.0
34.0,3.0,4.0
34.0,16.0,2.0
34.0,22.0,1.0
34.0,11.0,1.0
34.0,2.0,1.0
34.0,13.0,1.0
35.0,3.0,2.0
35.0,10.0,2.0
36.0,3.0,7.0
36.0,12.0,4.0
36.0,22.0,4.0
36.0,4.0,4.0
36.0,11.0,3.0
36.0,2.0,1.0
36.0,16.0,3.0
36.0,13.0,2.0
36.0,21.0,2.0
36.0,30.0,2.0
36.0,10.0,3.0
36.0,0.0,1.0
36.0,5.0,2.0
37.0,3.0,2.0
37.0,14.0,2.0
37.0,22.0,2.0
37.0,21.0,1.0
37.0,11.0,1.0
38.0,3.0,4.0
38.0,4.0,2.0
38.0,25.0,2.0
38.0,16.0,2.0
38.0,10.0,2.0
39.0,3.0,4.0
39.0,4.0,2.0
39.0,16.0,2.0
39.0,10.0,2.0
40.0,3.0,6.0
40.0,10.0,6.0
40.0,21.0,5.0
40.0,8.0,3.0
40.0,25.0,3.0
40.0,20.0,1.0
40.0,6.0,1.0
40.0,11.0,2.0
41.0,3.0,4.0
41.0,22.0,2.0
41.0,10.0,2.0
42.0,3.0,4.0
42.0,24.0,1.0
42.0,10.0,3.0
42.0,4.0,1.0
42.0,13.0,1.0
42.0,21.0,1.0
42.0,14.0,1.0
43.0,25.0,6.0
43.0,14.0,2.0
43.0,16.0,2.0
43.0,13.0,8.0
43.0,4.0,3.0
43.0,10.0,1.0
43.0,11.0,2.0
43.0,3.0,1.0
44.0,3.0,11.0
44.0,10.0,8.0
44.0,21.0,3.0
44.0,4.0,3.0
44.0,0.0,1.0
45.0,4.0,1.0
45.0,11.0,2.0
45.0,2.0,2.0
45.0,25.0,2.0
45.0,20.0,1.0
45.0,10.0,1.0
45.0,14.0,3.0
45.0,16.0,2.0
45.0,3.0,3.0
45.0,22.0,1.0
45.0,23.0,1.0
46.0,3.0,4.0
46.0,14.0,1.0
46.0,22.0,1.0
46.0,5.0,1.0
46.0,11.0,1.0
46.0,2.0,4.0
46.0,10.0,5.0
46.0,4.0,4.0
46.0,25.0,3.0
46.0,12.0,1.0
46.0,21.0,2.0
46.0,0.0,1.0
47.0,21.0,7.0
47.0,25.0,1.0
47.0,20.0,2.0
47.0,3.0,6.0
47.0,4.0,2.0
47.0,10.0,2.0
47.0,2.0,2.0
47.0,13.0,1.0
48.0,10.0,1.0
48.0,3.0,7.0
48.0,12.0,3.0
48.0,2.0,1.0
48.0,21.0,1.0
48.0,9.0,1.0
48.0,0.0,2.0
48.0,25.0,1.0
48.0,14.0,1.0
48.0,16.0,1.0
49.0,3.0,6.0
49.0,12.0,2.0
49.0,22.0,6.0
49.0,10.0,2.0
49.0,4.0,4.0
49.0,21.0,1.0
49.0,16.0,2.0
50.0,3.0,3.0
50.0,14.0,3.0
50.0,11.0,2.0
50.0,16.0,1.0
51.0,3.0,8.0
51.0,17.0,1.0
51.0,22.0,2.0
51.0,14.0,1.0
51.0,10.0,2.0
51.0,30.0,1.0
51.0,21.0,1.0
51.0,11.0,1.0
51.0,12.0,1.0
52.0,4.0,4.0
52.0,25.0,4.0
52.0,2.0,4.0
52.0,5.0,1.0
53.0,3.0,5.0
53.0,14.0,1.0
53.0,10.0,2.0
53.0,21.0,3.0
53.0,7.0,1.0
53.0,4.0,3.0
53.0,16.0,1.0
53.0,11.0,1.0
53.0,25.0,3.0
53.0,26.0,1.0
53.0,5.0,1.0
53.0,20.0,1.0
54.0,3.0,5.0
54.0,16.0,3.0
54.0,22.0,4.0
54.0,10.0,2.0
54.0,4.0,2.0
54.0,0.0,1.0
54.0,12.0,1.0
54.0,1.0,1.0
54.0,25.0,1.0
54.0,2.0,1.0
54.0,14.0,1.0
55.0,3.0,2.0
55.0,12.0,1.0
55.0,11.0,2.0
55.0,14.0,6.0
55.0,16.0,5.0
55.0,22.0,4.0
55.0,25.0,4.0
55.0,20.0,1.0
55.0,4.0,1.0
55.0,2.0,1.0
55.0,21.0,2.0
56.0,3.0,7.0
56.0,4.0,3.0
56.0,2.0,1.0
56.0,25.0,2.0
56.0,14.0,1.0
56.0,16.0,1.0
56.0,10.0,5.0
56.0,0.0,1.0
56.0,6.0,1.0
56.0,20.0,1.0
56.0,11.0,1.0
57.0,4.0,2.0
57.0,11.0,2.0
57.0,2.0,2.0
58.0,3.0,9.0
58.0,15.0,1.0
58.0,4.0,3.0
58.0,16.0,1.0
58.0,21.0,2.0
58.0,10.0,5.0
58.0,6.0,1.0
59.0,3.0,5.0
59.0,21.0,5.0
59.0,10.0,5.0
59.0,5.0,2.0
59.0,24.0,1.0
59.0,12.0,2.0
59.0,4.0,1.0
59.0,19.0,1.0
59.0,30.0,2.0
59.0,18.0,2.0
60.0,3.0,5.0
60.0,16.0,5.0
60.0,7.0,2.0
60.0,22.0,1.0
60.0,25.0,6.0
60.0,14.0,3.0
60.0,13.0,2.0
60.0,4.0,5.0
60.0,2.0,3.0
60.0,10.0,8.0
61.0,3.0,6.0
61.0,16.0,2.0
61.0,11.0,2.0
61.0,4.0,2.0
61.0,14.0,2.0
61.0,10.0,2.0
62.0,10.0,2.0
62.0,29.0,2.0
62.0,4.0,11.0
62.0,22.0,4.0
62.0,3.0,6.0
62.0,17.0,1.0
62.0,16.0,4.0
62.0,14.0,3.0
63.0,25.0,3.0
63.0,14.0,4.0
63.0,4.0,4.0
63.0,5.0,3.0
63.0,16.0,3.0
63.0,3.0,3.0
63.0,22.0,2.0
63.0,11.0,1.0
63.0,2.0,1.0
64.0,10.0,5.0
64.0,5.0,1.0
64.0,2.0,3.0
64.0,3.0,7.0
64.0,8.0,1.0
64.0,4.0,5.0
64.0,25.0,2.0
64.0,16.0,2.0
64.0,11.0,2.0
64.0,14.0,2.0
65.0,3.0,3.0
65.0,10.0,3.0
65.0,0.0,1.0
65.0,26.0,3.0
65.0,23.0,2.0
65.0,27.0,1.0
65.0,6.0,1.0
65.0,25.0,1.0
65.0,20.0,1.0
66.0,4.0,6.0
66.0,14.0,2.0
66.0,16.0,3.0
66.0,22.0,2.0
66.0,5.0,2.0
67.0,4.0,5.0
67.0,11.0,1.0
67.0,2.0,2.0
67.0,21.0,1.0
67.0,25.0,4.0
67.0,3.0,2.0
67.0,10.0,3.0
67.0,0.0,1.0
67.0,22.0,1.0
67.0,16.0,1.0
67.0,20.0,2.0
67.0,19.0,1.0
68.0,3.0,4.0
68.0,21.0,4.0
68.0,9.0,2.0
69.0,3.0,5.0
69.0,21.0,2.0
69.0,8.0,1.0
69.0,30.0,1.0
69.0,23.0,1.0
69.0,4.0,3.0
69.0,25.0,3.0
69.0,11.0,3.0
69.0,10.0,3.0
69.0,16.0,2.0
69.0,13.0,2.0
70.0,4.0,3.0
70.0,19.0,2.0
70.0,23.0,1.0
70.0,10.0,4.0
70.0,7.0,2.0
70.0,2.0,1.0
70.0,5.0,1.0
70.0,11.0,2.0
70.0,21.0,1.0
70.0,8.0,1.0
71.0,21.0,6.0
71.0,12.0,1.0
71.0,8.0,1.0
71.0,3.0,6.0
71.0,30.0,2.0
71.0,10.0,4.0
72.0,25.0,1.0
72.0,20.0,1.0
72.0,3.0,2.0
72.0,22.0,2.0
73.0,3.0,4.0
73.0,21.0,2.0
73.0,4.0,8.0
73.0,2.0,3.0
73.0,25.0,4.0
73.0,22.0,5.0
73.0,16.0,2.0
73.0,10.0,2.0
73.0,29.0,1.0
74.0,3.0,5.0
74.0,21.0,1.0
74.0,22.0,6.0
74.0,10.0,3.0
74.0,4.0,4.0
74.0,2.0,1.0
74.0,16.0,1.0
74.0,13.0,1.0
74.0,14.0,2.0
75.0,3.0,7.0
75.0,14.0,5.0
75.0,22.0,2.0
75.0,16.0,6.0
75.0,13.0,3.0
75.0,4.0,1.0
75.0,25.0,1.0
76.0,4.0,4.0
76.0,16.0,2.0
76.0,10.0,2.0
76.0,14.0,2.0
76.0,13.0,1.0
76.0,25.0,1.0
76.0,2.0,1.0
76.0,3.0,2.0
76.0,22.0,3.0
77.0,21.0,4.0
77.0,22.0,5.0
77.0,3.0,8.0
77.0,10.0,2.0
77.0,12.0,1.0
77.0,11.0,2.0
77.0,4.0,3.0
77.0,16.0,2.0
77.0,2.0,2.0
77.0,7.0,1.0
78.0,4.0,2.0
78.0,25.0,8.0
78.0,2.0,1.0
78.0,20.0,1.0
78.0,10.0,7.0
78.0,11.0,1.0
78.0,3.0,7.0
78.0,14.0,3.0
79.0,21.0,1.0
79.0,25.0,1.0
79.0,14.0,3.0
79.0,22.0,3.0
79.0,3.0,2.0
79.0,10.0,3.0
79.0,4.0,2.0
79.0,11.0,2.0
79.0,2.0,2.0
79.0,16.0,1.0
80.0,23.0,2.0
80.0,10.0,4.0
80.0,21.0,1.0
80.0,5.0,4.0
80.0,3.0,6.0
80.0,14.0,3.0
80.0,9.0,2.0
80.0,30.0,1.0
80.0,0.0,1.0
80.0,4.0,2.0
81.0,3.0,3.0
81.0,21.0,6.0
81.0,4.0,1.0
81.0,11.0,2.0
81.0,2.0,1.0
81.0,14.0,2.0
81.0,22.0,2.0
81.0,10.0,1.0
81.0,26.0,1.0
81.0,9.0,1.0
81.0,8.0,1.0
82.0,3.0,10.0
82.0,10.0,7.0
82.0,25.0,3.0
82.0,20.0,1.0
82.0,4.0,4.0
82.0,19.0,2.0
82.0,14.0,2.0
82.0,21.0,2.0
82.0,22.0,4.0
82.0,2.0,1.0
82.0,12.0,2.0
83.0,3.0,4.0
83.0,21.0,2.0
83.0,10.0,5.0
83.0,25.0,2.0
83.0,20.0,1.0
83.0,22.0,1.0
83.0,6.0,1.0
84.0,4.0,2.0
84.0,25.0,2.0
84.0,5.0,2.0
85.0,21.0,3.0
85.0,5.0,3.0
85.0,11.0,5.0
85.0,25.0,4.0
85.0,4.0,3.0
85.0,3.0,1.0
85.0,14.0,1.0
85.0,16.0,1.0
86.0,10.0,7.0
86.0,30.0,1.0
86.0,18.0,1.0
86.0,3.0,6.0
86.0,4.0,1.0
86.0,14.0,3.0
86.0,16.0,2.0
86.0,12.0,1.0
86.0,11.0,3.0
86.0,2.0,4.0
86.0,6.0,1.0
87.0,3.0,6.0
87.0,25.0,1.0
87.0,14.0,1.0
87.0,16.0,2.0
87.0,0.0,1.0
87.0,10.0,1.0
88.0,21.0,2.0
88.0,22.0,9.0
88.0,4.0,11.0
88.0,14.0,2.0
88.0,28.0,1.0
88.0,10.0,2.0
88.0,3.0,1.0
88.0,25.0,3.0
88.0,2.0,1.0
88.0,16.0,2.0
89.0,3.0,7.0
89.0,17.0,1.0
89.0,11.0,6.0
89.0,10.0,2.0
89.0,21.0,1.0
89.0,4.0,1.0
89.0,2.0,5.0
90.0,11.0,9.0
90.0,2.0,10.0
90.0,4.0,4.0
90.0,25.0,2.0
90.0,5.0,2.0
90.0,13.0,1.0
91.0,3.0,2.0
91.0,12.0,1.0
91.0,21.0,5.0
91.0,5.0,2.0
91.0,11.0,2.0
91.0,4.0,4.0
91.0,25.0,5.0
91.0,2.0,4.0
91.0,8.0,3.0
91.0,20.0,1.0
92.0,4.0,3.0
92.0,11.0,1.0
92.0,2.0,1.0
92.0,3.0,4.0
92.0,14.0,1.0
92.0,22.0,1.0
92.0,5.0,2.0
92.0,10.0,2.0
92.0,26.0,1.0
92.0,21.0,1.0
92.0,12.0,1.0
92.0,0.0,1.0
93.0,4.0,7.0
93.0,11.0,4.0
93.0,2.0,6.0
93.0,25.0,2.0
93.0,10.0,4.0
93.0,5.0,2.0
93.0,16.0,2.0
93.0,3.0,3.0
93.0,7.0,1.0
93.0,8.0,1.0
93.0,14.0,1.0
93.0,22.0,1.0
93.0,21.0,1.0
94.0,3.0,11.0
94.0,10.0,6.0
94.0,25.0,2.0
94.0,20.0,1.0
94.0,21.0,2.0
94.0,14.0,3.0
94.0,5.0,1.0
94.0,11.0,3.0
94.0,16.0,1.0
94.0,4.0,2.0
94.0,2.0,2.0
95.0,3.0,4.0
95.0,14.0,3.0
95.0,17.0,2.0
95.0,10.0,1.0
95.0,16.0,1.0
95.0,22.0,2.0
95.0,4.0,5.0
95.0,25.0,1.0
95.0,5.0,1.0
95.0,21.0,1.0
95.0,11.0,1.0
95.0,8.0,1.0
96.0,3.0,9.0
96.0,14.0,1.0
96.0,22.0,1.0
96.0,12.0,2.0
96.0,10.0,3.0
96.0,25.0,1.0
96.0,21.0,1.0
96.0,17.0,1.0
97.0,10.0,7.0
97.0,25.0,3.0
97.0,14.0,1.0
97.0,2.0,1.0
97.0,20.0,1.0
97.0,21.0,3.0
97.0,11.0,5.0
97.0,3.0,3.0
97.0,5.0,3.0
98.0,3.0,7.0
98.0,14.0,4.0
98.0,22.0,3.0
98.0,11.0,2.0
98.0,2.0,4.0
98.0,0.0,2.0
98.0,7.0,1.0
98.0,16.0,1.0
98.0,10.0,3.0
98.0,4.0,5.0
98.0,12.0,1.0
98.0,25.0,4.0
99.0,18.0,2.0
99.0,3.0,7.0
99.0,10.0,4.0
99.0,21.0,1.0
99.0,9.0,2.0
99.0,11.0,1.0
99.0,2.0,3.0
99.0,4.0,2.0
99.0,25.0,2.0
99.0,14.0,1.0
99.0,16.0,1.0
100.0,4.0,2.0
100.0,11.0,1.0
100.0,2.0,3.0
100.0,3.0,5.0
100.0,14.0,2.0
100.0,22.0,1.0
100.0,30.0,1.0
100.0,0.0,2.0
100.0,21.0,2.0
100.0,25.0,1.0
100.0,10.0,1.0
100.0,8.0,1.0
101.0,25.0,4.0
101.0,14.0,2.0
101.0,16.0,6.0
101.0,3.0,4.0
101.0,7.0,1.0
101.0,17.0,1.0
101.0,4.0,8.0
101.0,2.0,4.0
101.0,19.0,1.0
101.0,13.0,1.0
102.0,3.0,5.0
102.0,10.0,10.0
102.0,25.0,2.0
102.0,4.0,2.0
102.0,22.0,1.0
102.0,12.0,1.0
102.0,14.0,1.0
102.0,21.0,2.0
102.0,11.0,2.0
102.0,19.0,1.0
102.0,8.0,1.0
103.0,5.0,5.0
103.0,10.0,1.0
103.0,22.0,1.0
103.0,4.0,5.0
103.0,11.0,2.0
103.0,2.0,3.0
103.0,27.0,1.0
103.0,25.0,3.0
103.0,3.0,1.0
103.0,24.0,1.0
103.0,19.0,1.0
103.0,8.0,1.0
104.0,4.0,3.0
104.0,25.0,3.0
104.0,3.0,5.0
104.0,11.0,1.0
104.0,2.0,1.0
104.0,21.0,2.0
104.0,22.0,1.0
104.0,10.0,1.0
104.0,5.0,4.0
104.0,12.0,1.0
104.0,29.0,1.0
105.0,3.0,3.0
105.0,16.0,3.0
105.0,22.0,4.0
105.0,4.0,4.0
105.0,2.0,3.0
105.0,10.0,2.0
105.0,14.0,2.0
105.0,25.0,1.0
105.0,11.0,1.0
105.0,13.0,2.0
106.0,3.0,10.0
106.0,12.0,1.0
106.0,21.0,4.0
106.0,14.0,4.0
106.0,10.0,2.0
106.0,23.0,1.0
106.0,8.0,1.0
106.0,4.0,4.0
106.0,19.0,2.0
107.0,26.0,2.0
107.0,4.0,2.0
107.0,11.0,1.0
107.0,2.0,1.0
107.0,5.0,1.0
107.0,24.0,1.0
107.0,3.0,1.0
107.0,10.0,2.0
107.0,21.0,1.0
107.0,14.0,4.0
107.0,16.0,2.0
107.0,22.0,4.0
107.0,31.0,1.0
108.0,4.0,3.0
108.0,22.0,4.0
108.0,3.0,9.0
108.0,16.0,3.0
108.0,7.0,2.0
108.0,0.0,2.0
108.0,14.0,2.0
108.0,10.0,4.0
108.0,30.0,1.0
109.0,3.0,7.0
109.0,21.0,3.0
109.0,30.0,3.0
109.0,10.0,9.0
109.0,4.0,6.0
109.0,0.0,3.0
109.0,7.0,2.0
109.0,25.0,2.0
109.0,13.0,2.0
109.0,2.0,2.0
109.0,22.0,2.0
109.0,18.0,2.0
109.0,28.0,2.0
110.0,4.0,5.0
110.0,22.0,3.0
110.0,7.0,1.0
110.0,17.0,1.0
110.0,5.0,3.0
110.0,11.0,1.0
110.0,2.0,1.0
110.0,10.0,1.0
110.0,14.0,1.0
110.0,16.0,1.0
110.0,3.0,1.0
110.0,21.0,1.0
111.0,26.0,1.0
111.0,3.0,5.0
111.0,21.0,3.0
111.0,30.0,2.0
111.0,23.0,2.0
111.0,10.0,1.0
111.0,0.0,1.0
111.0,8.0,1.0
111.0,27.0,1.0
112.0,3.0,7.0
112.0,12.0,3.0
112.0,22.0,2.0
112.0,1.0,1.0
112.0,4.0,2.0
112.0,25.0,2.0
112.0,5.0,4.0
112.0,10.0,4.0
112.0,21.0,4.0
112.0,11.0,3.0
113.0,3.0,8.0
113.0,30.0,1.0
113.0,0.0,2.0
113.0,10.0,4.0
113.0,14.0,3.0
113.0,16.0,2.0
113.0,4.0,3.0
113.0,22.0,2.0
113.0,9.0,2.0
113.0,25.0,1.0
114.0,21.0,2.0
114.0,5.0,5.0
114.0,10.0,2.0
114.0,11.0,1.0
114.0,3.0,6.0
114.0,4.0,5.0
114.0,24.0,1.0
114.0,22.0,3.0
114.0,14.0,2.0
115.0,4.0,1.0
115.0,25.0,2.0
115.0,2.0,3.0
115.0,3.0,5.0
115.0,21.0,4.0
115.0,14.0,1.0
115.0,5.0,4.0
115.0,11.0,6.0
115.0,0.0,1.0
115.0,20.0,1.0
115.0,26.0,1.0
115.0,15.0,1.0
115.0,17.0,1.0
116.0,10.0,5.0
116.0,16.0,5.0
116.0,13.0,3.0
116.0,14.0,2.0
116.0,3.0,5.0
116.0,9.0,2.0
116.0,4.0,2.0
116.0,25.0,5.0
116.0,2.0,2.0
116.0,20.0,1.0
116.0,18.0,1.0
117.0,10.0,2.0
117.0,3.0,5.0
117.0,14.0,1.0
117.0,16.0,1.0
117.0,21.0,4.0
118.0,3.0,6.0
118.0,21.0,2.0
118.0,11.0,1.0
118.0,26.0,3.0
118.0,0.0,1.0
118.0,7.0,1.0
118.0,10.0,1.0
118.0,4.0,1.0
118.0,14.0,1.0
118.0,22.0,1.0
118.0,5.0,1.0
118.0,24.0,1.0
118.0,16.0,1.0
119.0,3.0,7.0
119.0,11.0,1.0
119.0,21.0,2.0
119.0,12.0,1.0
119.0,0.0,3.0
119.0,10.0,3.0
119.0,29.0,1.0
119.0,4.0,3.0
119.0,25.0,3.0
119.0,2.0,3.0
119.0,17.0,1.0
119.0,6.0,1.0
120.0,21.0,1.0
120.0,12.0,3.0
120.0,4.0,2.0
120.0,2.0,2.0
120.0,3.0,5.0
120.0,19.0,1.0
120.0,8.0,1.0
120.0,5.0,1.0
120.0,11.0,1.0
120.0,16.0,1.0
121.0,3.0,2.0
121.0,30.0,1.0
121.0,0.0,2.0
121.0,10.0,3.0
121.0,21.0,2.0
121.0,5.0,2.0
121.0,11.0,8.0
121.0,4.0,8.0
121.0,2.0,10.0
121.0,25.0,4.0
121.0,16.0,2.0
122.0,3.0,9.0
122.0,10.0,3.0
122.0,9.0,3.0
122.0,21.0,4.0
122.0,14.0,1.0
122.0,16.0,1.0
122.0,8.0,1.0
122.0,26.0,1.0
122.0,11.0,1.0
123.0,26.0,2.0
123.0,10.0,2.0
123.0,21.0,3.0
123.0,18.0,3.0
123.0,3.0,5.0
123.0,14.0,1.0
123.0,22.0,1.0
123.0,5.0,2.0
123.0,11.0,1.0
123.0,30.0,2.0
123.0,0.0,1.0
124.0,25.0,2.0
124.0,14.0,2.0
124.0,16.0,2.0
124.0,3.0,6.0
124.0,0.0,3.0
124.0,21.0,1.0
124.0,22.0,1.0
124.0,5.0,2.0
124.0,11.0,2.0
124.0,2.0,3.0
124.0,4.0,1.0
124.0,6.0,1.0
124.0,10.0,2.0
125.0,3.0,8.0
125.0,21.0,4.0
125.0,18.0,1.0
125.0,14.0,2.0
125.0,16.0,3.0
125.0,13.0,1.0
125.0,11.0,1.0
125.0,10.0,1.0
125.0,0.0,1.0
125.0,25.0,1.0
126.0,10.0,1.0
126.0,21.0,3.0
126.0,3.0,6.0
126.0,14.0,3.0
126.0,22.0,1.0
126.0,4.0,5.0
126.0,16.0,1.0
126.0,25.0,3.0
126.0,20.0,1.0
126.0,8.0,1.0
126.0,5.0,2.0
126.0,11.0,2.0
126.0,2.0,2.0
127.0,3.0,9.0
127.0,7.0,1.0
127.0,25.0,1.0
127.0,16.0,3.0
127.0,10.0,4.0
127.0,18.0,2.0
127.0,28.0,2.0
127.0,4.0,2.0
127.0,14.0,1.0
128.0,10.0,4.0
128.0,14.0,1.0
128.0,16.0,1.0
128.0,3.0,8.0
128.0,12.0,1.0
128.0,21.0,2.0
128.0,4.0,4.0
128.0,7.0,1.0
128.0,17.0,1.0
128.0,25.0,2.0
128.0,2.0,1.0
129.0,3.0,3.0
129.0,10.0,1.0
129.0,0.0,1.0
130.0,3.0,4.0
130.0,4.0,2.0
130.0,22.0,2.0
130.0,10.0,2.0
131.0,3.0,8.0
131.0,12.0,1.0
131.0,4.0,4.0
131.0,25.0,5.0
131.0,2.0,2.0
131.0,10.0,8.0
131.0,11.0,2.0
131.0,20.0,1.0
131.0,21.0,2.0
131.0,14.0,2.0
132.0,3.0,6.0
132.0,14.0,3.0
132.0,16.0,2.0
132.0,5.0,6.0
132.0,11.0,1.0
132.0,22.0,1.0
132.0,10.0,5.0
133.0,4.0,2.0
133.0,5.0,2.0
134.0,21.0,2.0
134.0,5.0,2.0
135.0,14.0,2.0
135.0,16.0,2.0
135.0,13.0,2.0
135.0,25.0,1.0
135.0,20.0,1.0
135.0,3.0,5.0
135.0,2.0,2.0
135.0,10.0,4.0
135.0,4.0,4.0
135.0,11.0,2.0
135.0,22.0,2.0
135.0,19.0,1.0
135.0,8.0,1.0
136.0,23.0,3.0
136.0,11.0,4.0
136.0,2.0,4.0
136.0,3.0,3.0
136.0,0.0,1.0
136.0,7.0,1.0
136.0,10.0,2.0
136.0,4.0,4.0
136.0,25.0,3.0
136.0,14.0,1.0
137.0,4.0,2.0
137.0,22.0,3.0
137.0,3.0,1.0
137.0,10.0,4.0
137.0,14.0,2.0
137.0,13.0,2.0
137.0,5.0,2.0
137.0,11.0,2.0
138.0,10.0,2.0
138.0,14.0,3.0
138.0,16.0,2.0
138.0,3.0,4.0
138.0,22.0,1.0
138.0,4.0,2.0
138.0,11.0,1.0
138.0,2.0,1.0
138.0,25.0,1.0
138.0,12.0,1.0
138.0,19.0,1.0
138.0,21.0,1.0
139.0,10.0,3.0
139.0,5.0,1.0
139.0,12.0,1.0
139.0,26.0,4.0
139.0,3.0,3.0
139.0,18.0,2.0
139.0,17.0,3.0
139.0,22.0,1.0
139.0,4.0,1.0
139.0,2.0,1.0
140.0,26.0,1.0
140.0,3.0,5.0
140.0,0.0,1.0
140.0,7.0,1.0
140.0,4.0,5.0
140.0,16.0,2.0
140.0,2.0,2.0
140.0,22.0,1.0
140.0,14.0,3.0
140.0,12.0,1.0
140.0,5.0,1.0
140.0,11.0,1.0
140.0,25.0,1.0
141.0,3.0,7.0
141.0,21.0,2.0
141.0,25.0,1.0
141.0,14.0,3.0
141.0,17.0,1.0
141.0,13.0,1.0
141.0,16.0,1.0
141.0,10.0,2.0
141.0,12.0,1.0
141.0,0.0,1.0
141.0,4.0,2.0
141.0,11.0,1.0
142.0,3.0,5.0
142.0,10.0,6.0
142.0,21.0,1.0
142.0,25.0,1.0
142.0,24.0,1.0
142.0,19.0,1.0
142.0,8.0,1.0
142.0,17.0,1.0
142.0,16.0,3.0
142.0,22.0,3.0
142.0,31.0,1.0
143.0,3.0,5.0
143.0,16.0,3.0
143.0,7.0,2.0
143.0,4.0,2.0
143.0,22.0,2.0
143.0,25.0,1.0
143.0,14.0,2.0
143.0,11.0,2.0
143.0,2.0,1.0
143.0,21.0,2.0
143.0,5.0,1.0
143.0,24.0,1.0
144.0,4.0,7.0
144.0,25.0,4.0
144.0,2.0,6.0
144.0,11.0,1.0
144.0,3.0,1.0
144.0,18.0,1.0
144.0,0.0,1.0
144.0,14.0,1.0
144.0,16.0,2.0
144.0,13.0,1.0
144.0,22.0,1.0
145.0,25.0,5.0
145.0,14.0,3.0
145.0,16.0,3.0
145.0,20.0,1.0
145.0,21.0,2.0
145.0,5.0,2.0
145.0,11.0,2.0
145.0,4.0,5.0
145.0,3.0,7.0
145.0,10.0,3.0
145.0,2.0,3.0
145.0,22.0,2.0
146.0,5.0,6.0
146.0,11.0,3.0
146.0,2.0,3.0
146.0,3.0,1.0
146.0,12.0,1.0
146.0,14.0,3.0
146.0,10.0,1.0
146.0,24.0,1.0
146.0,27.0,1.0
146.0,22.0,1.0
146.0,4.0,2.0
146.0,25.0,2.0
146.0,16.0,2.0
147.0,21.0,2.0
147.0,5.0,2.0
147.0,11.0,2.0
147.0,4.0,2.0
147.0,25.0,2.0
147.0,2.0,2.0
147.0,3.0,1.0
147.0,10.0,1.0
147.0,0.0,1.0
147.0,14.0,2.0
147.0,16.0,2.0
148.0,3.0,7.0
148.0,25.0,3.0
148.0,5.0,4.0
148.0,11.0,4.0
148.0,10.0,3.0
148.0,14.0,2.0
148.0,4.0,1.0
148.0,2.0,1.0
148.0,12.0,2.0
148.0,22.0,2.0
148.0,20.0,1.0
149.0,3.0,2.0
149.0,9.0,2.0
149.0,25.0,1.0
149.0,20.0,1.0
150.0,3.0,4.0
150.0,6.0,1.0
150.0,10.0,2.0
150.0,23.0,3.0
150.0,21.0,2.0
150.0,11.0,1.0
150.0,14.0,1.0
150.0,2.0,1.0
150.0,30.0,1.0
150.0,26.0,1.0
151.0,10.0,1.0
151.0,14.0,3.0
151.0,16.0,2.0
151.0,25.0,2.0
151.0,3.0,3.0
151.0,5.0,6.0
151.0,4.0,3.0
151.0,20.0,1.0
151.0,21.0,2.0
151.0,11.0,2.0
151.0,22.0,1.0
152.0,3.0,3.0
152.0,21.0,2.0
152.0,10.0,4.0
152.0,26.0,4.0
152.0,4.0,1.0
152.0,2.0,1.0
152.0,14.0,1.0
153.0,4.0,4.0
153.0,5.0,4.0
153.0,16.0,2.0
153.0,2.0,2.0
153.0,3.0,3.0
153.0,10.0,7.0
153.0,11.0,4.0
153.0,12.0,1.0
153.0,14.0,1.0
153.0,22.0,1.0
154.0,3.0,8.0
154.0,9.0,2.0
154.0,0.0,6.0
154.0,30.0,2.0
154.0,5.0,2.0
154.0,11.0,2.0
154.0,2.0,2.0
154.0,21.0,2.0
154.0,7.0,1.0
154.0,22.0,1.0
155.0,5.0,5.0
155.0,3.0,1.0
155.0,4.0,4.0
155.0,25.0,3.0
155.0,16.0,1.0
155.0,10.0,2.0
155.0,17.0,1.0
155.0,21.0,1.0
155.0,2.0,2.0
155.0,11.0,1.0
156.0,3.0,8.0
156.0,11.0,1.0
156.0,16.0,5.0
156.0,13.0,5.0
156.0,14.0,1.0
156.0,10.0,2.0
156.0,4.0,3.0
156.0,7.0,2.0
156.0,20.0,2.0
156.0,22.0,3.0
156.0,17.0,1.0
157.0,3.0,3.0
157.0,4.0,1.0
157.0,22.0,1.0
157.0,10.0,2.0
158.0,3.0,7.0
158.0,10.0,3.0
158.0,8.0,1.0
158.0,21.0,2.0
158.0,0.0,1.0
158.0,14.0,1.0
158.0,22.0,1.0
158.0,12.0,1.0
158.0,4.0,1.0
158.0,25.0,1.0
158.0,16.0,1.0
158.0,11.0,1.0
159.0,3.0,8.0
159.0,10.0,4.0
159.0,21.0,2.0
159.0,29.0,2.0
159.0,4.0,3.0
159.0,25.0,3.0
159.0,2.0,3.0
160.0,10.0,2.0
160.0,4.0,4.0
160.0,25.0,3.0
160.0,3.0,2.0
160.0,27.0,1.0
160.0,13.0,1.0
160.0,11.0,2.0
160.0,2.0,2.0
161.0,10.0,5.0
161.0,5.0,7.0
161.0,12.0,1.0
161.0,3.0,4.0
161.0,0.0,2.0
161.0,22.0,2.0
161.0,4.0,12.0
161.0,16.0,4.0
161.0,2.0,4.0
161.0,11.0,4.0
161.0,14.0,2.0
161.0,25.0,4.0
162.0,21.0,2.0
162.0,5.0,2.0
162.0,10.0,2.0
162.0,4.0,2.0
162.0,22.0,2.0
163.0,25.0,6.0
163.0,20.0,3.0
163.0,3.0,6.0
163.0,10.0,5.0
163.0,21.0,2.0
163.0,4.0,9.0
163.0,14.0,2.0
163.0,16.0,2.0
163.0,2.0,5.0
163.0,11.0,3.0
163.0,5.0,1.0
164.0,10.0,2.0
165.0,4.0,5.0
165.0,11.0,2.0
165.0,2.0,3.0
165.0,25.0,7.0
165.0,3.0,2.0
165.0,16.0,2.0
165.0,20.0,1.0
165.0,10.0,1.0
165.0,17.0,1.0
166.0,30.0,1.0
166.0,23.0,5.0
166.0,3.0,2.0
166.0,21.0,2.0
166.0,11.0,1.0
166.0,12.0,1.0
166.0,27.0,1.0
167.0,3.0,4.0
167.0,21.0,6.0
167.0,4.0,2.0
167.0,5.0,4.0
167.0,11.0,2.0
167.0,10.0,2.0
167.0,16.0,1.0
167.0,22.0,1.0
167.0,12.0,1.0
167.0,2.0,1.0
168.0,3.0,7.0
168.0,12.0,3.0
168.0,10.0,3.0
168.0,21.0,4.0
168.0,14.0,2.0
168.0,16.0,2.0
168.0,11.0,1.0
168.0,4.0,1.0
169.0,5.0,2.0
169.0,18.0,2.0
169.0,12.0,2.0
170.0,4.0,7.0
170.0,16.0,6.0
170.0,22.0,3.0
170.0,25.0,6.0
170.0,20.0,1.0
170.0,2.0,2.0
170.0,3.0,2.0
170.0,13.0,1.0
170.0,11.0,1.0
170.0,14.0,2.0
171.0,3.0,9.0
171.0,14.0,2.0
171.0,22.0,1.0
171.0,30.0,1.0
171.0,0.0,2.0
171.0,5.0,2.0
171.0,11.0,2.0
171.0,12.0,1.0
171.0,9.0,1.0
171.0,10.0,1.0
172.0,7.0,1.0
172.0,17.0,1.0
172.0,3.0,5.0
172.0,21.0,2.0
172.0,11.0,1.0
172.0,12.0,1.0
172.0,25.0,2.0
172.0,14.0,2.0
172.0,4.0,1.0
172.0,2.0,1.0
172.0,22.0,1.0
173.0,3.0,4.0
173.0,22.0,2.0
173.0,21.0,2.0
173.0,11.0,1.0
173.0,10.0,1.0
173.0,2.0,1.0
173.0,25.0,1.0
174.0,14.0,7.0
174.0,16.0,8.0
174.0,3.0,8.0
174.0,10.0,2.0
174.0,4.0,6.0
174.0,22.0,3.0
174.0,13.0,3.0
175.0,3.0,8.0
175.0,6.0,1.0
175.0,10.0,7.0
175.0,21.0,3.0
175.0,7.0,1.0
175.0,14.0,1.0
175.0,16.0,2.0
176.0,3.0,7.0
176.0,10.0,8.0
176.0,5.0,2.0
176.0,11.0,3.0
176.0,4.0,3.0
176.0,2.0,3.0
176.0,25.0,4.0
176.0,21.0,1.0
176.0,8.0,1.0
176.0,14.0,2.0
176.0,13.0,2.0
176.0,6.0,1.0
177.0,10.0,7.0
177.0,4.0,4.0
177.0,5.0,2.0
177.0,22.0,2.0
177.0,3.0,5.0
177.0,29.0,2.0
177.0,12.0,1.0
177.0,7.0,1.0
177.0,17.0,1.0
177.0,21.0,1.0
178.0,5.0,7.0
178.0,11.0,5.0
178.0,4.0,4.0
178.0,25.0,5.0
178.0,2.0,3.0
178.0,3.0,2.0
178.0,10.0,2.0
178.0,20.0,1.0
178.0,21.0,2.0
179.0,3.0,9.0
179.0,21.0,3.0
179.0,12.0,1.0
179.0,14.0,4.0
179.0,5.0,2.0
179.0,11.0,2.0
179.0,16.0,6.0
179.0,18.0,2.0
179.0,4.0,1.0
179.0,25.0,1.0
179.0,2.0,1.0
179.0,13.0,2.0
180.0,3.0,7.0
180.0,7.0,2.0
180.0,4.0,2.0
180.0,0.0,1.0
180.0,24.0,1.0
180.0,14.0,2.0
180.0,16.0,2.0
180.0,10.0,1.0
181.0,4.0,2.0
181.0,7.0,1.0
181.0,17.0,1.0
181.0,3.0,5.0
181.0,10.0,1.0
181.0,0.0,1.0
181.0,25.0,3.0
181.0,2.0,3.0
181.0,16.0,1.0
181.0,20.0,1.0
181.0,26.0,1.0
181.0,21.0,1.0
181.0,12.0,1.0
182.0,21.0,2.0
182.0,5.0,3.0
182.0,10.0,1.0
182.0,30.0,1.0
183.0,3.0,3.0
183.0,10.0,2.0
183.0,4.0,1.0
183.0,14.0,1.0
183.0,21.0,1.0
183.0,26.0,1.0
183.0,30.0,1.0
184.0,3.0,2.0
184.0,21.0,2.0
185.0,3.0,9.0
185.0,11.0,2.0
185.0,8.0,3.0
185.0,4.0,2.0
185.0,0.0,3.0
185.0,14.0,3.0
185.0,7.0,3.0
185.0,17.0,1.0
185.0,16.0,2.0
185.0,10.0,1.0
186.0,3.0,6.0
186.0,24.0,1.0
186.0,26.0,2.0
186.0,14.0,1.0
186.0,22.0,1.0
186.0,9.0,2.0
186.0,21.0,1.0
187.0,21.0,2.0
187.0,10.0,2.0
187.0,26.0,1.0
187.0,19.0,1.0
187.0,8.0,1.0
187.0,3.0,3.0
187.0,4.0,1.0
187.0,14.0,1.0
187.0,2.0,1.0
187.0,12.0,1.0
188.0,3.0,4.0
188.0,22.0,1.0
188.0,16.0,1.0
188.0,13.0,2.0
188.0,4.0,5.0
188.0,25.0,7.0
188.0,2.0,4.0
188.0,0.0,2.0
188.0,17.0,3.0
188.0,14.0,1.0
189.0,3.0,5.0
189.0,6.0,1.0
189.0,10.0,3.0
189.0,7.0,1.0
189.0,4.0,4.0
189.0,21.0,2.0
189.0,14.0,2.0
189.0,12.0,2.0
189.0,16.0,3.0
189.0,22.0,2.0
189.0,11.0,1.0
189.0,25.0,2.0
190.0,10.0,4.0
190.0,21.0,2.0
190.0,11.0,1.0
190.0,3.0,3.0
190.0,14.0,1.0
190.0,22.0,1.0
190.0,30.0,1.0
190.0,0.0,1.0
191.0,4.0,2.0
191.0,25.0,2.0
191.0,2.0,2.0
191.0,3.0,6.0
191.0,10.0,4.0
191.0,12.0,2.0
191.0,22.0,2.0
192.0,4.0,2.0
192.0,11.0,1.0
192.0,2.0,1.0
192.0,10.0,3.0
192.0,13.0,2.0
192.0,21.0,1.0
192.0,3.0,4.0
192.0,29.0,1.0
193.0,4.0,5.0
193.0,11.0,1.0
193.0,2.0,3.0
193.0,3.0,1.0
193.0,14.0,6.0
193.0,16.0,4.0
193.0,25.0,8.0
193.0,5.0,4.0
193.0,20.0,1.0
193.0,22.0,2.0
194.0,10.0,4.0
194.0,14.0,1.0
194.0,16.0,1.0
194.0,3.0,7.0
194.0,6.0,1.0
194.0,2.0,2.0
194.0,4.0,2.0
194.0,25.0,2.0
194.0,5.0,4.0
194.0,11.0,1.0
194.0,12.0,3.0
194.0,22.0,2.0
194.0,30.0,1.0
194.0,0.0,2.0
194.0,24.0,1.0
195.0,14.0,2.0
195.0,16.0,2.0
196.0,4.0,5.0
196.0,25.0,3.0
196.0,14.0,1.0
196.0,13.0,4.0
196.0,3.0,3.0
196.0,10.0,3.0
196.0,21.0,1.0
196.0,5.0,3.0
196.0,11.0,3.0
197.0,10.0,4.0
197.0,13.0,1.0
197.0,22.0,2.0
197.0,3.0,6.0
197.0,14.0,4.0
197.0,16.0,3.0
197.0,21.0,2.0
197.0,25.0,1.0
197.0,4.0,1.0
197.0,0.0,1.0
198.0,4.0,7.0
198.0,25.0,7.0
198.0,2.0,4.0
198.0,3.0,3.0
198.0,14.0,1.0
198.0,16.0,1.0
198.0,20.0,1.0
198.0,5.0,3.0
198.0,0.0,1.0
198.0,7.0,1.0
198.0,11.0,1.0
198.0,13.0,1.0
199.0,5.0,2.0
199.0,11.0,2.0
199.0,2.0,2.0
200.0,3.0,2.0
200.0,12.0,1.0
200.0,21.0,3.0
200.0,5.0,3.0
200.0,10.0,1.0
200.0,4.0,7.0
200.0,25.0,7.0
200.0,11.0,3.0
200.0,2.0,4.0
201.0,3.0,7.0
201.0,16.0,4.0
201.0,7.0,2.0
201.0,12.0,1.0
201.0,9.0,2.0
201.0,19.0,1.0
201.0,8.0,1.0
201.0,4.0,3.0
201.0,25.0,3.0
201.0,2.0,3.0
201.0,26.0,1.0
201.0,24.0,1.0
201.0,18.0,2.0
202.0,4.0,6.0
202.0,11.0,1.0
202.0,2.0,6.0
202.0,25.0,9.0
202.0,14.0,1.0
202.0,16.0,1.0
202.0,3.0,1.0
202.0,10.0,3.0
202.0,0.0,1.0
202.0,20.0,1.0
202.0,5.0,2.0
202.0,18.0,2.0
202.0,12.0,2.0
203.0,10.0,3.0
203.0,14.0,1.0
203.0,16.0,1.0
203.0,4.0,4.0
203.0,11.0,4.0
203.0,2.0,5.0
203.0,5.0,4.0
203.0,18.0,1.0
203.0,25.0,3.0
203.0,3.0,3.0
203.0,0.0,1.0
204.0,4.0,3.0
204.0,22.0,3.0
204.0,10.0,5.0
204.0,21.0,1.0
204.0,3.0,6.0
204.0,0.0,1.0
204.0,2.0,1.0
204.0,25.0,1.0
204.0,20.0,1.0
205.0,3.0,3.0
205.0,6.0,1.0
205.0,10.0,6.0
205.0,21.0,3.0
205.0,11.0,2.0
205.0,24.0,1.0
205.0,4.0,3.0
205.0,2.0,1.0
205.0,22.0,2.0
205.0,5.0,1.0
205.0,12.0,1.0
206.0,4.0,2.0
206.0,11.0,2.0
206.0,2.0,2.0
206.0,25.0,3.0
206.0,20.0,1.0
206.0,10.0,6.0
206.0,3.0,5.0
206.0,14.0,1.0
206.0,16.0,1.0
206.0,22.0,1.0
206.0,28.0,1.0
207.0,3.0,4.0
207.0,14.0,3.0
207.0,22.0,5.0
207.0,16.0,3.0
207.0,13.0,2.0
207.0,10.0,2.0
207.0,4.0,2.0
207.0,25.0,1.0
207.0,5.0,1.0
208.0,16.0,3.0
208.0,3.0,5.0
208.0,10.0,2.0
208.0,0.0,1.0
208.0,11.0,2.0
208.0,2.0,2.0
208.0,25.0,1.0
208.0,14.0,2.0
208.0,4.0,1.0
209.0,4.0,4.0
209.0,11.0,1.0
209.0,2.0,4.0
209.0,3.0,5.0
209.0,14.0,1.0
209.0,22.0,1.0
209.0,30.0,1.0
209.0,0.0,2.0
209.0,25.0,4.0
209.0,20.0,1.0
209.0,6.0,1.0
209.0,10.0,3.0
210.0,11.0,2.0
210.0,2.0,4.0
210.0,10.0,7.0
210.0,4.0,6.0
210.0,5.0,4.0
210.0,18.0,2.0
210.0,21.0,2.0
210.0,22.0,2.0
210.0,3.0,3.0
210.0,25.0,4.0
210.0,16.0,2.0
211.0,3.0,10.0
211.0,10.0,4.0
211.0,5.0,2.0
211.0,21.0,1.0
211.0,14.0,1.0
211.0,16.0,1.0
211.0,26.0,1.0
212.0,10.0,3.0
212.0,21.0,5.0
212.0,3.0,6.0
212.0,14.0,1.0
212.0,22.0,2.0
212.0,15.0,1.0
212.0,7.0,2.0
212.0,19.0,1.0
213.0,3.0,5.0
213.0,10.0,3.0
213.0,9.0,2.0
213.0,21.0,2.0
213.0,11.0,3.0
213.0,25.0,7.0
213.0,16.0,3.0
213.0,4.0,8.0
213.0,13.0,2.0
213.0,17.0,2.0
213.0,14.0,1.0
213.0,2.0,2.0
214.0,11.0,1.0
214.0,2.0,1.0
214.0,3.0,4.0
214.0,10.0,2.0
214.0,21.0,2.0
214.0,16.0,2.0
214.0,13.0,1.0
214.0,4.0,1.0
214.0,0.0,1.0
215.0,4.0,5.0
215.0,11.0,1.0
215.0,2.0,3.0
215.0,10.0,9.0
215.0,3.0,4.0
215.0,25.0,2.0
215.0,6.0,1.0
215.0,20.0,1.0
215.0,21.0,1.0
216.0,10.0,2.0
216.0,14.0,5.0
216.0,16.0,4.0
216.0,4.0,2.0
216.0,11.0,1.0
216.0,2.0,1.0
216.0,3.0,4.0
216.0,25.0,1.0
216.0,21.0,1.0
216.0,22.0,1.0
216.0,13.0,2.0
217.0,25.0,3.0
217.0,20.0,1.0
217.0,3.0,3.0
217.0,21.0,1.0
217.0,8.0,1.0
217.0,23.0,1.0
217.0,4.0,8.0
217.0,11.0,2.0
217.0,2.0,4.0
217.0,19.0,2.0
217.0,16.0,4.0
218.0,3.0,7.0
218.0,14.0,3.0
218.0,21.0,1.0
218.0,11.0,3.0
218.0,9.0,1.0
218.0,12.0,1.0
218.0,4.0,1.0
218.0,2.0,2.0
218.0,22.0,1.0
218.0,25.0,1.0
218.0,16.0,1.0
219.0,4.0,7.0
219.0,0.0,2.0
219.0,7.0,2.0
219.0,3.0,6.0
219.0,16.0,1.0
219.0,17.0,1.0
219.0,19.0,1.0
219.0,21.0,1.0
219.0,8.0,1.0
219.0,5.0,5.0
220.0,21.0,5.0
220.0,5.0,4.0
220.0,3.0,5.0
220.0,14.0,1.0
220.0,10.0,6.0
220.0,11.0,6.0
220.0,0.0,1.0
220.0,4.0,2.0
220.0,2.0,2.0
221.0,3.0,4.0
221.0,10.0,6.0
221.0,21.0,2.0
221.0,25.0,1.0
221.0,14.0,1.0
221.0,16.0,1.0
221.0,4.0,2.0
221.0,22.0,3.0
222.0,4.0,3.0
222.0,11.0,3.0
222.0,2.0,1.0
222.0,21.0,4.0
222.0,5.0,5.0
222.0,14.0,3.0
222.0,3.0,6.0
222.0,10.0,1.0
222.0,30.0,2.0
222.0,22.0,2.0
223.0,10.0,2.0
223.0,21.0,3.0
223.0,11.0,3.0
223.0,3.0,6.0
223.0,12.0,1.0
223.0,5.0,2.0
223.0,26.0,1.0
223.0,23.0,1.0
223.0,19.0,1.0
223.0,8.0,1.0
224.0,3.0,8.0
224.0,30.0,3.0
224.0,0.0,2.0
224.0,21.0,5.0
224.0,14.0,1.0
224.0,16.0,1.0
224.0,10.0,3.0
224.0,5.0,3.0
224.0,11.0,3.0
224.0,2.0,1.0
224.0,12.0,1.0
225.0,3.0,7.0
225.0,10.0,6.0
225.0,21.0,6.0
225.0,16.0,1.0
225.0,2.0,1.0
225.0,4.0,2.0
225.0,14.0,2.0
225.0,26.0,1.0
226.0,3.0,11.0
226.0,14.0,4.0
226.0,22.0,6.0
226.0,16.0,2.0
226.0,10.0,2.0
226.0,4.0,2.0
226.0,24.0,1.0
226.0,11.0,2.0
226.0,2.0,2.0
226.0,21.0,2.0
226.0,30.0,2.0
226.0,0.0,2.0
227.0,10.0,3.0
227.0,21.0,3.0
227.0,4.0,5.0
227.0,25.0,4.0
227.0,11.0,5.0
227.0,3.0,2.0
227.0,13.0,1.0
227.0,2.0,3.0
228.0,25.0,1.0
228.0,20.0,1.0
228.0,3.0,8.0
228.0,21.0,2.0
228.0,14.0,4.0
228.0,4.0,7.0
228.0,11.0,2.0
228.0,2.0,2.0
228.0,19.0,2.0
228.0,23.0,1.0
228.0,27.0,1.0
228.0,0.0,1.0
228.0,7.0,1.0
228.0,16.0,1.0
229.0,3.0,6.0
229.0,10.0,12.0
229.0,25.0,3.0
229.0,20.0,1.0
229.0,21.0,2.0
229.0,14.0,2.0
229.0,4.0,6.0
229.0,11.0,4.0
229.0,2.0,4.0
229.0,5.0,2.0
230.0,3.0,5.0
230.0,14.0,2.0
230.0,22.0,2.0
230.0,11.0,2.0
230.0,2.0,1.0
230.0,10.0,2.0
230.0,21.0,3.0
230.0,4.0,1.0
230.0,16.0,1.0
230.0,20.0,1.0
231.0,3.0,7.0
231.0,10.0,2.0
231.0,21.0,3.0
231.0,26.0,1.0
231.0,15.0,1.0
231.0,4.0,1.0
231.0,16.0,1.0
231.0,22.0,1.0
231.0,20.0,1.0
231.0,12.0,1.0
231.0,1.0,1.0
232.0,10.0,3.0
232.0,4.0,6.0
232.0,22.0,6.0
232.0,3.0,5.0
232.0,1.0,1.0
232.0,21.0,2.0
232.0,16.0,1.0
232.0,7.0,1.0
232.0,11.0,1.0
233.0,3.0,2.0
233.0,10.0,1.0
233.0,12.0,1.0
233.0,25.0,4.0
233.0,16.0,5.0
233.0,24.0,2.0
233.0,4.0,3.0
233.0,13.0,6.0
233.0,26.0,1.0
233.0,7.0,1.0
233.0,17.0,1.0
233.0,11.0,1.0
233.0,2.0,1.0
233.0,14.0,1.0
233.0,22.0,1.0
234.0,14.0,9.0
234.0,16.0,2.0
234.0,22.0,6.0
234.0,3.0,8.0
234.0,4.0,3.0
234.0,6.0,1.0
234.0,10.0,2.0
234.0,21.0,2.0
234.0,25.0,2.0
234.0,2.0,2.0
235.0,3.0,8.0
235.0,4.0,5.0
235.0,10.0,5.0
235.0,22.0,6.0
235.0,2.0,2.0
235.0,5.0,3.0
235.0,11.0,2.0
235.0,16.0,4.0
235.0,12.0,1.0
235.0,30.0,1.0
235.0,0.0,1.0
235.0,14.0,2.0
236.0,3.0,8.0
236.0,10.0,1.0
236.0,25.0,1.0
236.0,14.0,2.0
236.0,16.0,2.0
237.0,3.0,3.0
237.0,12.0,1.0
237.0,21.0,2.0
237.0,22.0,2.0
238.0,25.0,1.0
238.0,20.0,1.0
238.0,3.0,9.0
238.0,14.0,2.0
238.0,11.0,4.0
238.0,4.0,2.0
238.0,22.0,4.0
238.0,21.0,4.0
238.0,8.0,1.0
238.0,10.0,4.0
238.0,12.0,1.0
239.0,10.0,4.0
239.0,4.0,5.0
239.0,11.0,2.0
239.0,14.0,4.0
239.0,16.0,2.0
239.0,25.0,1.0
239.0,2.0,3.0
239.0,3.0,6.0
239.0,22.0,2.0
240.0,3.0,4.0
240.0,14.0,3.0
240.0,22.0,1.0
240.0,25.0,3.0
240.0,16.0,3.0
240.0,21.0,3.0
240.0,30.0,1.0
240.0,10.0,4.0
240.0,18.0,2.0
240.0,28.0,2.0
240.0,0.0,1.0
240.0,4.0,3.0
240.0,2.0,2.0
241.0,10.0,8.0
241.0,5.0,8.0
241.0,2.0,1.0
241.0,21.0,2.0
241.0,11.0,2.0
241.0,18.0,1.0
241.0,12.0,1.0
241.0,3.0,1.0
242.0,3.0,7.0
242.0,21.0,5.0
242.0,8.0,2.0
242.0,11.0,4.0
242.0,2.0,2.0
242.0,4.0,3.0
242.0,19.0,2.0
242.0,10.0,3.0
242.0,17.0,2.0
242.0,22.0,1.0
243.0,4.0,5.0
243.0,25.0,1.0
243.0,2.0,3.0
243.0,3.0,3.0
243.0,7.0,1.0
243.0,11.0,1.0
243.0,22.0,2.0
243.0,10.0,3.0
243.0,6.0,1.0
243.0,17.0,1.0
244.0,3.0,7.0
244.0,10.0,3.0
244.0,7.0,1.0
244.0,8.0,1.0
244.0,4.0,3.0
244.0,25.0,3.0
244.0,11.0,3.0
244.0,21.0,2.0
245.0,3.0,6.0
245.0,10.0,5.0
245.0,29.0,1.0
245.0,26.0,2.0
245.0,5.0,2.0
245.0,11.0,2.0
246.0,3.0,5.0
246.0,12.0,1.0
246.0,1.0,1.0
246.0,10.0,5.0
246.0,21.0,1.0
246.0,4.0,2.0
246.0,25.0,5.0
246.0,2.0,2.0
246.0,23.0,1.0
246.0,0.0,1.0
246.0,22.0,1.0
246.0,20.0,1.0
247.0,10.0,5.0
247.0,4.0,7.0
247.0,22.0,4.0
247.0,3.0,6.0
247.0,14.0,4.0
247.0,5.0,2.0
247.0,25.0,3.0
247.0,11.0,4.0
247.0,0.0,2.0
247.0,7.0,1.0
247.0,21.0,1.0
248.0,16.0,1.0
248.0,3.0,9.0
248.0,7.0,2.0
248.0,20.0,2.0
248.0,21.0,4.0
248.0,5.0,2.0
248.0,11.0,2.0
248.0,12.0,1.0
248.0,14.0,1.0
248.0,4.0,1.0
248.0,19.0,1.0
249.0,3.0,4.0
249.0,21.0,3.0
249.0,12.0,1.0
249.0,4.0,4.0
249.0,10.0,4.0
249.0,11.0,2.0
249.0,25.0,3.0
249.0,2.0,3.0
249.0,0.0,1.0
250.0,10.0,7.0
250.0,25.0,3.0
250.0,3.0,7.0
250.0,20.0,1.0
250.0,15.0,1.0
250.0,17.0,1.0
250.0,4.0,5.0
250.0,14.0,4.0
250.0,11.0,2.0
250.0,16.0,2.0
251.0,23.0,1.0
251.0,4.0,6.0
251.0,11.0,3.0
251.0,2.0,6.0
251.0,25.0,4.0
251.0,10.0,3.0
251.0,12.0,1.0
251.0,3.0,1.0
251.0,21.0,1.0
252.0,10.0,3.0
252.0,21.0,3.0
252.0,3.0,5.0
252.0,11.0,1.0
252.0,12.0,4.0
252.0,1.0,2.0
252.0,23.0,1.0
252.0,4.0,3.0
252.0,25.0,1.0
252.0,2.0,1.0
252.0,22.0,3.0
252.0,14.0,1.0
252.0,5.0,1.0
253.0,5.0,8.0
253.0,11.0,3.0
253.0,2.0,2.0
253.0,14.0,5.0
253.0,4.0,3.0
253.0,25.0,3.0
253.0,3.0,3.0
253.0,21.0,1.0
253.0,13.0,1.0
254.0,10.0,2.0
254.0,14.0,2.0
254.0,16.0,1.0
254.0,3.0,3.0
254.0,22.0,1.0
254.0,11.0,3.0
254.0,2.0,4.0
254.0,5.0,4.0
254.0,18.0,2.0
254.0,12.0,2.0
254.0,30.0,1.0
254.0,0.0,2.0
254.0,4.0,1.0
254.0,25.0,1.0
255.0,4.0,2.0
255.0,21.0,3.0
255.0,25.0,3.0
255.0,3.0,8.0
255.0,14.0,2.0
255.0,10.0,3.0
255.0,22.0,1.0
256.0,26.0,1.0
256.0,10.0,1.0
256.0,14.0,3.0
256.0,16.0,1.0
256.0,3.0,5.0
256.0,30.0,1.0
256.0,0.0,1.0
256.0,4.0,2.0
256.0,5.0,5.0
256.0,29.0,1.0
256.0,21.0,1.0
257.0,4.0,1.0
257.0,28.0,2.0
257.0,3.0,6.0
257.0,14.0,3.0
257.0,22.0,1.0
257.0,10.0,1.0
257.0,16.0,2.0
257.0,2.0,1.0
257.0,25.0,1.0
257.0,7.0,2.0
257.0,17.0,1.0
258.0,14.0,3.0
258.0,16.0,3.0
258.0,4.0,1.0
258.0,11.0,1.0
258.0,2.0,1.0
258.0,25.0,3.0
258.0,3.0,4.0
258.0,12.0,2.0
258.0,21.0,3.0
258.0,26.0,1.0
258.0,10.0,2.0
258.0,7.0,2.0
259.0,4.0,9.0
259.0,19.0,1.0
259.0,8.0,1.0
259.0,22.0,5.0
259.0,3.0,3.0
259.0,14.0,3.0
259.0,16.0,5.0
259.0,13.0,2.0
259.0,10.0,3.0
259.0,25.0,1.0
259.0,2.0,1.0
259.0,21.0,1.0
260.0,4.0,4.0
260.0,25.0,4.0
260.0,2.0,2.0
260.0,5.0,2.0
260.0,10.0,3.0
260.0,11.0,2.0
260.0,3.0,7.0
260.0,0.0,1.0
260.0,7.0,1.0
260.0,12.0,2.0
261.0,4.0,4.0
261.0,11.0,2.0
261.0,2.0,3.0
261.0,3.0,4.0
261.0,14.0,1.0
261.0,22.0,1.0
261.0,21.0,1.0
261.0,9.0,1.0
261.0,7.0,1.0
261.0,17.0,1.0
261.0,23.0,1.0
261.0,25.0,3.0
262.0,5.0,2.0
262.0,11.0,2.0
263.0,25.0,1.0
263.0,14.0,5.0
263.0,16.0,2.0
263.0,3.0,2.0
263.0,24.0,1.0
263.0,5.0,1.0
263.0,23.0,1.0
263.0,10.0,2.0
263.0,13.0,3.0
263.0,22.0,2.0
264.0,3.0,7.0
264.0,21.0,4.0
264.0,14.0,5.0
264.0,26.0,1.0
264.0,30.0,3.0
264.0,9.0,1.0
264.0,4.0,2.0
264.0,25.0,2.0
264.0,5.0,2.0
264.0,22.0,2.0
264.0,10.0,1.0
265.0,25.0,1.0
265.0,20.0,1.0
265.0,10.0,2.0
265.0,4.0,2.0
266.0,14.0,5.0
266.0,13.0,2.0
266.0,3.0,6.0
266.0,16.0,3.0
266.0,25.0,2.0
266.0,4.0,1.0
266.0,2.0,1.0
266.0,12.0,1.0
266.0,10.0,1.0
266.0,0.0,1.0
266.0,21.0,1.0
267.0,4.0,2.0
267.0,11.0,2.0
267.0,2.0,3.0
267.0,5.0,3.0
267.0,10.0,1.0
267.0,18.0,1.0
267.0,3.0,3.0
267.0,25.0,1.0
267.0,29.0,2.0
268.0,4.0,5.0
268.0,14.0,2.0
268.0,3.0,3.0
268.0,10.0,3.0
268.0,19.0,1.0
268.0,8.0,1.0
268.0,5.0,4.0
268.0,12.0,2.0
268.0,11.0,2.0
268.0,25.0,1.0
269.0,21.0,6.0
269.0,8.0,2.0
269.0,3.0,5.0
269.0,5.0,2.0
269.0,11.0,4.0
269.0,4.0,3.0
269.0,17.0,1.0
269.0,10.0,4.0
269.0,25.0,2.0
269.0,16.0,2.0
270.0,3.0,9.0
270.0,21.0,6.0
270.0,8.0,2.0
270.0,14.0,2.0
270.0,16.0,2.0
270.0,12.0,2.0
270.0,10.0,2.0
271.0,4.0,6.0
271.0,25.0,3.0
271.0,16.0,2.0
271.0,11.0,2.0
271.0,2.0,2.0
271.0,13.0,1.0
271.0,3.0,4.0
271.0,17.0,2.0
271.0,21.0,1.0
271.0,10.0,1.0
272.0,4.0,3.0
272.0,22.0,2.0
272.0,25.0,1.0
272.0,23.0,1.0
273.0,10.0,1.0
273.0,14.0,2.0
273.0,16.0,2.0
273.0,25.0,8.0
273.0,3.0,1.0
273.0,30.0,1.0
273.0,0.0,1.0
273.0,4.0,6.0
273.0,2.0,8.0
273.0,20.0,1.0
273.0,5.0,2.0
273.0,11.0,2.0
274.0,16.0,7.0
274.0,13.0,4.0
274.0,10.0,7.0
274.0,22.0,2.0
274.0,3.0,2.0
274.0,1.0,1.0
274.0,2.0,1.0
274.0,4.0,2.0
274.0,21.0,1.0
274.0,11.0,2.0
275.0,3.0,11.0
275.0,14.0,1.0
275.0,22.0,1.0
275.0,10.0,7.0
275.0,9.0,4.0
275.0,12.0,2.0
275.0,0.0,3.0
275.0,25.0,2.0
275.0,21.0,2.0
275.0,11.0,1.0
275.0,30.0,1.0
276.0,10.0,3.0
276.0,3.0,6.0
276.0,14.0,4.0
276.0,22.0,3.0
276.0,25.0,1.0
276.0,11.0,1.0
276.0,2.0,1.0
276.0,16.0,2.0
276.0,4.0,2.0
277.0,21.0,2.0
277.0,5.0,4.0
277.0,11.0,3.0
277.0,3.0,6.0
277.0,12.0,2.0
277.0,22.0,2.0
277.0,10.0,6.0
277.0,0.0,1.0
277.0,25.0,2.0
277.0,20.0,1.0
278.0,3.0,4.0
278.0,21.0,2.0
278.0,4.0,5.0
278.0,25.0,5.0
278.0,13.0,5.0
278.0,10.0,1.0
278.0,2.0,1.0
278.0,14.0,1.0
278.0,16.0,1.0
279.0,21.0,1.0
279.0,25.0,5.0
279.0,5.0,3.0
279.0,4.0,3.0
279.0,2.0,6.0
279.0,16.0,2.0
279.0,13.0,1.0
279.0,22.0,1.0
279.0,10.0,2.0
279.0,20.0,1.0
279.0,24.0,1.0
280.0,3.0,3.0
280.0,4.0,5.0
280.0,7.0,2.0
280.0,17.0,2.0
280.0,25.0,3.0
280.0,2.0,3.0
280.0,12.0,1.0
280.0,14.0,2.0
280.0,16.0,2.0
280.0,13.0,2.0
280.0,26.0,1.0
281.0,4.0,10.0
281.0,25.0,10.0
281.0,2.0,3.0
281.0,10.0,4.0
281.0,3.0,3.0
281.0,11.0,2.0
281.0,16.0,7.0
282.0,26.0,1.0
282.0,3.0,4.0
282.0,21.0,3.0
282.0,8.0,2.0
282.0,6.0,1.0
282.0,10.0,5.0
282.0,4.0,1.0
282.0,5.0,1.0
282.0,1.0,1.0
282.0,14.0,2.0
282.0,16.0,1.0
282.0,11.0,1.0
283.0,3.0,3.0
283.0,4.0,3.0
283.0,22.0,1.0
284.0,4.0,1.0
284.0,2.0,1.0
284.0,10.0,1.0
284.0,21.0,1.0
284.0,3.0,4.0
284.0,1.0,2.0
284.0,17.0,4.0
284.0,12.0,1.0
284.0,25.0,1.0
284.0,16.0,1.0
284.0,20.0,1.0
284.0,5.0,1.0
284.0,11.0,1.0
285.0,5.0,1.0
285.0,2.0,4.0
285.0,11.0,4.0
285.0,4.0,3.0
285.0,16.0,2.0
285.0,13.0,1.0
285.0,25.0,1.0
285.0,3.0,3.0
285.0,10.0,3.0
285.0,0.0,1.0
285.0,21.0,2.0
286.0,26.0,1.0
286.0,3.0,9.0
286.0,12.0,2.0
286.0,10.0,1.0
286.0,21.0,2.0
286.0,4.0,2.0
286.0,19.0,2.0
286.0,7.0,1.0
286.0,8.0,3.0
286.0,11.0,1.0
287.0,4.0,3.0
287.0,11.0,1.0
287.0,10.0,2.0
287.0,14.0,4.0
287.0,16.0,3.0
287.0,13.0,1.0
287.0,3.0,4.0
287.0,30.0,1.0
287.0,23.0,1.0
287.0,22.0,3.0
288.0,10.0,2.0
288.0,5.0,2.0
288.0,18.0,2.0
288.0,3.0,2.0
288.0,4.0,2.0
288.0,19.0,2.0
289.0,10.0,7.0
289.0,4.0,1.0
289.0,2.0,1.0
289.0,14.0,1.0
289.0,16.0,1.0
289.0,21.0,5.0
289.0,11.0,5.0
289.0,29.0,2.0
289.0,5.0,4.0
289.0,7.0,1.0
290.0,3.0,2.0
290.0,12.0,2.0
291.0,4.0,9.0
291.0,25.0,6.0
291.0,16.0,2.0
291.0,3.0,8.0
291.0,14.0,3.0
291.0,13.0,1.0
291.0,19.0,2.0
291.0,22.0,4.0
291.0,2.0,2.0
292.0,3.0,8.0
292.0,30.0,3.0
292.0,0.0,2.0
292.0,12.0,1.0
292.0,21.0,3.0
292.0,10.0,1.0
292.0,7.0,1.0
293.0,3.0,8.0
293.0,21.0,1.0
293.0,10.0,5.0
293.0,16.0,2.0
293.0,12.0,1.0
293.0,6.0,1.0
293.0,25.0,2.0
293.0,14.0,2.0
293.0,22.0,2.0
293.0,4.0,1.0
294.0,3.0,2.0
294.0,10.0,1.0
294.0,21.0,2.0
294.0,5.0,2.0
295.0,4.0,4.0
295.0,11.0,4.0
295.0,2.0,7.0
295.0,10.0,3.0
295.0,5.0,3.0
295.0,18.0,1.0
295.0,3.0,1.0
295.0,30.0,1.0
295.0,0.0,1.0
295.0,25.0,6.0
295.0,20.0,1.0
296.0,3.0,2.0
296.0,10.0,2.0
297.0,10.0,3.0
297.0,5.0,4.0
297.0,11.0,5.0
297.0,3.0,7.0
297.0,0.0,4.0
297.0,30.0,1.0
297.0,9.0,2.0
297.0,21.0,3.0
297.0,12.0,2.0
297.0,22.0,2.0
298.0,3.0,5.0
298.0,21.0,3.0
298.0,30.0,2.0
298.0,23.0,2.0
298.0,4.0,7.0
298.0,25.0,3.0
298.0,11.0,3.0
298.0,16.0,2.0
298.0,2.0,2.0
298.0,10.0,6.0
298.0,22.0,2.0
298.0,17.0,1.0
299.0,3.0,4.0
299.0,14.0,2.0
299.0,25.0,2.0
299.0,22.0,2.0
299.0,4.0,1.0
299.0,2.0,1.0
299.0,5.0,3.0
299.0,24.0,3.0
299.0,12.0,1.0
300.0,3.0,2.0
300.0,14.0,3.0
300.0,22.0,2.0
300.0,4.0,2.0
300.0,10.0,2.0
300.0,16.0,2.0
300.0,25.0,2.0
300.0,2.0,1.0
300.0,5.0,1.0
300.0,11.0,1.0
301.0,3.0,6.0
301.0,21.0,3.0
301.0,25.0,3.0
301.0,10.0,4.0
301.0,0.0,2.0
301.0,4.0,4.0
301.0,11.0,4.0
301.0,2.0,4.0
301.0,16.0,2.0
301.0,5.0,2.0
302.0,4.0,5.0
302.0,14.0,2.0
302.0,16.0,2.0
302.0,11.0,5.0
302.0,2.0,3.0
302.0,10.0,2.0
302.0,25.0,7.0
302.0,17.0,1.0
302.0,3.0,2.0
302.0,12.0,1.0
303.0,3.0,11.0
303.0,0.0,3.0
303.0,5.0,6.0
303.0,11.0,2.0
303.0,2.0,2.0
303.0,21.0,2.0
303.0,30.0,3.0
303.0,4.0,4.0
303.0,25.0,2.0
304.0,3.0,8.0
304.0,25.0,1.0
304.0,16.0,1.0
304.0,10.0,3.0
304.0,22.0,5.0
304.0,4.0,2.0
304.0,12.0,2.0
304.0,21.0,3.0
304.0,5.0,2.0
304.0,11.0,2.0
304.0,0.0,1.0
305.0,4.0,5.0
305.0,25.0,5.0
305.0,2.0,1.0
305.0,14.0,9.0
305.0,16.0,7.0
305.0,13.0,6.0
305.0,3.0,3.0
305.0,11.0,3.0
306.0,3.0,7.0
306.0,12.0,3.0
306.0,5.0,4.0
306.0,24.0,1.0
306.0,10.0,4.0
306.0,2.0,2.0
306.0,21.0,1.0
306.0,11.0,1.0
306.0,0.0,1.0
307.0,10.0,5.0
307.0,3.0,6.0
307.0,21.0,3.0
307.0,7.0,1.0
307.0,22.0,2.0
307.0,25.0,2.0
307.0,0.0,1.0
307.0,4.0,1.0
308.0,21.0,2.0
308.0,5.0,2.0
308.0,4.0,3.0
308.0,25.0,3.0
308.0,11.0,3.0
308.0,3.0,2.0
308.0,10.0,2.0
309.0,3.0,6.0
309.0,21.0,4.0
309.0,30.0,2.0
309.0,10.0,2.0
309.0,22.0,2.0
309.0,25.0,1.0
309.0,14.0,4.0
309.0,16.0,4.0
309.0,4.0,2.0
309.0,11.0,1.0
310.0,10.0,8.0
310.0,21.0,4.0
310.0,23.0,2.0
310.0,30.0,1.0
310.0,18.0,1.0
310.0,3.0,6.0
310.0,5.0,2.0
310.0,11.0,2.0
311.0,25.0,5.0
311.0,20.0,1.0
311.0,10.0,8.0
311.0,21.0,1.0
311.0,2.0,5.0
311.0,5.0,2.0
311.0,11.0,3.0
311.0,4.0,5.0
311.0,3.0,2.0
311.0,14.0,1.0
312.0,3.0,13.0
312.0,6.0,1.0
312.0,10.0,11.0
312.0,21.0,2.0
312.0,14.0,5.0
312.0,4.0,4.0
312.0,22.0,2.0
313.0,3.0,7.0
313.0,22.0,2.0
313.0,28.0,1.0
313.0,10.0,1.0
313.0,16.0,2.0
313.0,25.0,1.0
313.0,14.0,1.0
314.0,3.0,5.0
314.0,25.0,3.0
314.0,16.0,3.0
314.0,10.0,1.0
314.0,5.0,1.0
314.0,11.0,2.0
314.0,4.0,3.0
314.0,21.0,1.0
314.0,17.0,2.0
314.0,2.0,2.0
314.0,22.0,1.0
314.0,7.0,1.0
315.0,14.0,2.0
315.0,16.0,2.0
315.0,21.0,1.0
315.0,12.0,1.0
315.0,3.0,6.0
315.0,30.0,1.0
315.0,0.0,1.0
315.0,17.0,1.0
315.0,22.0,1.0
315.0,4.0,3.0
315.0,25.0,2.0
315.0,5.0,2.0
315.0,11.0,1.0
315.0,2.0,1.0
315.0,10.0,2.0
316.0,25.0,1.0
316.0,20.0,1.0
316.0,21.0,2.0
316.0,5.0,3.0
316.0,11.0,3.0
316.0,10.0,5.0
316.0,12.0,1.0
316.0,3.0,4.0
316.0,4.0,3.0
317.0,3.0,6.0
317.0,10.0,5.0
317.0,0.0,1.0
317.0,25.0,3.0
317.0,20.0,1.0
317.0,4.0,4.0
317.0,22.0,2.0
317.0,14.0,4.0
317.0,16.0,2.0
317.0,23.0,1.0
318.0,3.0,6.0
318.0,6.0,1.0
318.0,10.0,2.0
318.0,12.0,2.0
318.0,22.0,3.0
318.0,14.0,1.0
318.0,11.0,1.0
318.0,2.0,1.0
318.0,16.0,1.0
319.0,3.0,6.0
319.0,25.0,2.0
319.0,12.0,1.0
319.0,10.0,3.0
319.0,14.0,2.0
319.0,13.0,1.0
319.0,22.0,1.0
319.0,16.0,1.0
319.0,18.0,2.0
319.0,28.0,2.0
320.0,11.0,5.0
320.0,2.0,2.0
320.0,3.0,1.0
320.0,6.0,1.0
320.0,10.0,6.0
320.0,25.0,2.0
320.0,20.0,1.0
320.0,5.0,3.0
320.0,24.0,1.0
320.0,17.0,1.0
320.0,4.0,3.0
320.0,14.0,1.0
321.0,10.0,1.0
321.0,5.0,5.0
321.0,11.0,3.0
321.0,2.0,2.0
321.0,4.0,2.0
322.0,21.0,3.0
322.0,3.0,10.0
322.0,10.0,8.0
322.0,4.0,4.0
322.0,14.0,4.0
322.0,22.0,2.0
322.0,25.0,2.0
322.0,16.0,2.0
322.0,5.0,2.0
322.0,11.0,2.0
323.0,10.0,1.0
323.0,14.0,1.0
323.0,16.0,1.0
323.0,4.0,3.0
323.0,22.0,1.0
323.0,11.0,1.0
323.0,2.0,2.0
323.0,23.0,3.0
323.0,3.0,1.0
323.0,21.0,1.0
323.0,25.0,1.0
324.0,3.0,8.0
324.0,4.0,2.0
324.0,25.0,2.0
324.0,2.0,2.0
324.0,19.0,1.0
324.0,8.0,1.0
324.0,10.0,2.0
324.0,0.0,1.0
324.0,27.0,1.0
324.0,12.0,1.0
324.0,13.0,1.0
324.0,11.0,3.0
325.0,3.0,7.0
325.0,14.0,6.0
325.0,22.0,2.0
325.0,10.0,3.0
325.0,16.0,4.0
325.0,25.0,1.0
325.0,4.0,1.0
326.0,10.0,2.0
326.0,25.0,2.0
326.0,3.0,4.0
326.0,14.0,1.0
326.0,4.0,5.0
326.0,22.0,2.0
326.0,16.0,1.0
326.0,17.0,1.0
326.0,21.0,1.0
327.0,3.0,5.0
327.0,12.0,2.0
327.0,10.0,3.0
327.0,0.0,1.0
327.0,21.0,1.0
327.0,11.0,1.0
327.0,4.0,5.0
327.0,16.0,1.0
327.0,25.0,5.0
327.0,20.0,1.0
327.0,2.0,4.0
328.0,10.0,6.0
328.0,21.0,4.0
328.0,11.0,2.0
328.0,3.0,7.0
328.0,4.0,2.0
328.0,2.0,1.0
328.0,7.0,1.0
328.0,17.0,1.0
328.0,14.0,1.0
329.0,3.0,8.0
329.0,14.0,2.0
329.0,22.0,4.0
329.0,10.0,1.0
329.0,4.0,2.0
329.0,11.0,2.0
329.0,2.0,1.0
329.0,21.0,2.0
329.0,16.0,1.0
330.0,4.0,9.0
330.0,11.0,1.0
330.0,2.0,5.0
330.0,25.0,7.0
330.0,3.0,4.0
330.0,30.0,2.0
330.0,0.0,1.0
330.0,14.0,1.0
330.0,22.0,3.0
330.0,10.0,2.0
331.0,4.0,3.0
331.0,11.0,5.0
331.0,2.0,4.0
331.0,3.0,5.0
331.0,30.0,1.0
331.0,0.0,2.0
331.0,5.0,5.0
331.0,25.0,1.0
331.0,24.0,2.0
331.0,12.0,1.0
331.0,22.0,1.0
331.0,10.0,1.0
332.0,10.0,1.0
332.0,14.0,3.0
332.0,16.0,2.0
332.0,3.0,4.0
332.0,22.0,1.0
332.0,21.0,2.0
332.0,25.0,1.0
332.0,30.0,1.0
332.0,0.0,1.0
333.0,3.0,2.0
333.0,10.0,2.0
333.0,7.0,1.0
333.0,17.0,1.0
334.0,3.0,7.0
334.0,18.0,1.0
334.0,10.0,1.0
334.0,21.0,1.0
334.0,12.0,2.0
334.0,7.0,1.0
334.0,0.0,1.0
334.0,4.0,2.0
334.0,25.0,2.0
334.0,2.0,2.0
335.0,3.0,5.0
335.0,14.0,3.0
335.0,22.0,1.0
335.0,10.0,3.0
335.0,21.0,1.0
335.0,9.0,1.0
335.0,0.0,1.0
335.0,30.0,1.0
335.0,5.0,4.0
335.0,4.0,3.0
336.0,21.0,4.0
336.0,3.0,6.0
336.0,4.0,1.0
336.0,22.0,3.0
336.0,10.0,5.0
336.0,25.0,2.0
336.0,18.0,1.0
336.0,8.0,1.0
336.0,14.0,3.0
336.0,16.0,1.0
337.0,3.0,8.0
337.0,16.0,3.0
337.0,7.0,2.0
337.0,21.0,3.0
338.0,4.0,6.0
338.0,25.0,1.0
338.0,3.0,4.0
338.0,13.0,1.0
338.0,11.0,7.0
338.0,16.0,1.0
338.0,10.0,4.0
338.0,14.0,2.0
338.0,22.0,2.0
338.0,2.0,2.0
339.0,3.0,4.0
339.0,6.0,1.0
339.0,10.0,4.0
339.0,12.0,1.0
339.0,25.0,4.0
339.0,14.0,1.0
339.0,16.0,1.0
339.0,5.0,2.0
339.0,2.0,2.0
339.0,23.0,1.0
339.0,0.0,1.0
339.0,4.0,1.0
339.0,7.0,1.0
339.0,8.0,1.0
340.0,3.0,7.0
340.0,21.0,3.0
340.0,17.0,1.0
340.0,11.0,2.0
340.0,2.0,2.0
340.0,22.0,1.0
340.0,6.0,1.0
340.0,10.0,6.0
340.0,25.0,3.0
340.0,20.0,1.0
340.0,0.0,1.0
340.0,7.0,1.0
340.0,4.0,2.0
340.0,12.0,1.0
341.0,4.0,6.0
341.0,25.0,4.0
341.0,2.0,2.0
341.0,3.0,6.0
341.0,10.0,4.0
341.0,13.0,2.0
341.0,8.0,3.0
341.0,7.0,1.0
341.0,14.0,1.0
341.0,22.0,1.0
342.0,3.0,7.0
342.0,25.0,3.0
342.0,2.0,2.0
342.0,14.0,4.0
342.0,22.0,1.0
342.0,26.0,1.0
342.0,16.0,1.0
342.0,20.0,1.0
342.0,4.0,1.0
343.0,3.0,3.0
343.0,16.0,2.0
343.0,20.0,2.0
343.0,21.0,4.0
343.0,5.0,5.0
343.0,11.0,2.0
343.0,12.0,2.0
343.0,1.0,1.0
343.0,10.0,3.0
343.0,30.0,1.0
343.0,14.0,1.0
343.0,13.0,1.0
343.0,25.0,3.0
344.0,3.0,10.0
344.0,10.0,4.0
344.0,4.0,1.0
344.0,7.0,1.0
344.0,25.0,1.0
344.0,16.0,1.0
344.0,5.0,2.0
344.0,11.0,3.0
344.0,21.0,4.0
344.0,0.0,1.0
344.0,8.0,1.0
345.0,3.0,2.0
345.0,21.0,2.0
345.0,30.0,2.0
345.0,4.0,4.0
345.0,25.0,3.0
345.0,2.0,4.0
345.0,20.0,1.0
345.0,11.0,2.0
346.0,3.0,6.0
346.0,21.0,5.0
346.0,17.0,2.0
346.0,4.0,1.0
346.0,11.0,2.0
346.0,7.0,1.0
346.0,8.0,2.0
346.0,10.0,2.0
346.0,12.0,1.0
347.0,3.0,9.0
347.0,22.0,2.0
347.0,10.0,2.0
347.0,4.0,3.0
347.0,21.0,3.0
347.0,7.0,1.0
347.0,11.0,1.0
347.0,14.0,3.0
348.0,3.0,5.0
348.0,6.0,1.0
348.0,10.0,2.0
348.0,21.0,2.0
348.0,5.0,4.0
348.0,11.0,4.0
348.0,4.0,12.0
348.0,25.0,4.0
348.0,2.0,6.0
348.0,14.0,2.0
348.0,19.0,2.0
348.0,16.0,2.0
349.0,14.0,7.0
349.0,13.0,4.0
349.0,16.0,3.0
349.0,10.0,4.0
349.0,4.0,2.0
349.0,2.0,2.0
349.0,3.0,5.0
349.0,0.0,2.0
349.0,7.0,2.0
349.0,25.0,2.0
349.0,22.0,2.0
349.0,11.0,1.0
349.0,5.0,2.0
350.0,3.0,10.0
350.0,10.0,8.0
350.0,0.0,1.0
350.0,4.0,4.0
350.0,25.0,2.0
350.0,2.0,2.0
350.0,9.0,2.0
350.0,22.0,2.0
350.0,21.0,1.0
350.0,12.0,1.0
351.0,3.0,7.0
351.0,14.0,4.0
351.0,22.0,2.0
351.0,23.0,1.0
351.0,10.0,4.0
351.0,16.0,2.0
351.0,9.0,2.0
351.0,12.0,2.0
351.0,25.0,1.0
351.0,21.0,1.0
351.0,0.0,1.0
352.0,4.0,5.0
352.0,25.0,3.0
352.0,2.0,2.0
352.0,10.0,5.0
352.0,22.0,2.0
352.0,3.0,5.0
352.0,0.0,1.0
352.0,28.0,1.0
353.0,3.0,4.0
353.0,5.0,6.0
353.0,11.0,1.0
353.0,14.0,2.0
353.0,22.0,1.0
353.0,10.0,4.0
353.0,21.0,3.0
353.0,30.0,1.0
353.0,0.0,1.0
354.0,26.0,3.0
354.0,0.0,1.0
354.0,29.0,1.0
354.0,3.0,5.0
354.0,21.0,2.0
354.0,14.0,2.0
354.0,10.0,6.0
354.0,25.0,3.0
354.0,4.0,3.0
354.0,11.0,2.0
354.0,2.0,1.0
355.0,3.0,4.0
355.0,10.0,3.0
355.0,0.0,2.0
355.0,4.0,4.0
355.0,25.0,5.0
355.0,13.0,2.0
355.0,22.0,2.0
355.0,20.0,1.0
355.0,18.0,2.0
355.0,28.0,2.0
355.0,30.0,1.0
356.0,3.0,4.0
356.0,10.0,4.0
356.0,16.0,3.0
356.0,22.0,1.0
356.0,30.0,1.0
356.0,18.0,1.0
356.0,23.0,2.0
356.0,14.0,2.0
356.0,21.0,2.0
356.0,24.0,1.0
357.0,4.0,11.0
357.0,22.0,2.0
357.0,21.0,3.0
357.0,25.0,5.0
357.0,20.0,1.0
357.0,5.0,4.0
357.0,11.0,4.0
357.0,2.0,4.0
357.0,3.0,4.0
358.0,3.0,1.0
358.0,12.0,1.0
358.0,21.0,2.0
358.0,5.0,2.0
358.0,11.0,4.0
358.0,10.0,2.0
358.0,4.0,2.0
359.0,4.0,1.0
359.0,22.0,2.0
359.0,3.0,8.0
359.0,14.0,2.0
359.0,25.0,1.0
359.0,16.0,1.0
359.0,21.0,1.0
359.0,11.0,3.0
359.0,10.0,2.0
359.0,9.0,2.0
360.0,5.0,4.0
360.0,11.0,1.0
360.0,25.0,1.0
360.0,14.0,1.0
360.0,16.0,2.0
360.0,3.0,4.0
360.0,21.0,1.0
360.0,4.0,1.0
360.0,28.0,1.0
360.0,10.0,2.0
360.0,2.0,2.0
360.0,26.0,1.0
361.0,3.0,6.0
361.0,21.0,6.0
361.0,15.0,1.0
361.0,14.0,2.0
361.0,22.0,2.0
361.0,9.0,1.0
361.0,10.0,3.0
361.0,5.0,1.0
361.0,11.0,2.0
362.0,3.0,7.0
362.0,21.0,1.0
362.0,25.0,3.0
362.0,22.0,1.0
362.0,10.0,5.0
362.0,9.0,2.0
362.0,12.0,1.0
362.0,0.0,1.0
362.0,14.0,2.0
362.0,16.0,2.0
362.0,4.0,2.0
362.0,2.0,2.0
363.0,3.0,2.0
363.0,21.0,2.0
364.0,3.0,4.0
364.0,21.0,4.0
364.0,9.0,1.0
364.0,25.0,5.0
364.0,2.0,3.0
364.0,4.0,4.0
364.0,17.0,1.0
364.0,10.0,1.0
364.0,5.0,2.0
364.0,11.0,2.0
364.0,14.0,1.0
364.0,16.0,1.0
364.0,22.0,1.0
365.0,3.0,7.0
365.0,21.0,2.0
365.0,9.0,1.0
365.0,10.0,5.0
365.0,11.0,3.0
365.0,4.0,3.0
365.0,5.0,2.0
365.0,2.0,1.0
365.0,19.0,2.0
365.0,12.0,2.0
366.0,5.0,4.0
366.0,7.0,1.0
366.0,17.0,1.0
366.0,10.0,2.0
366.0,2.0,1.0
366.0,3.0,4.0
366.0,12.0,2.0
366.0,22.0,2.0
366.0,24.0,2.0
366.0,11.0,1.0
367.0,3.0,8.0
367.0,21.0,4.0
367.0,10.0,5.0
367.0,0.0,1.0
367.0,14.0,1.0
367.0,22.0,1.0
367.0,29.0,1.0
367.0,8.0,2.0
367.0,7.0,1.0
367.0,4.0,2.0
367.0,25.0,2.0
367.0,16.0,2.0
368.0,4.0,9.0
368.0,16.0,4.0
368.0,2.0,6.0
368.0,10.0,2.0
368.0,3.0,6.0
368.0,21.0,1.0
368.0,9.0,1.0
368.0,22.0,2.0
368.0,14.0,3.0
369.0,3.0,6.0
369.0,9.0,1.0
369.0,0.0,1.0
369.0,14.0,2.0
369.0,22.0,4.0
369.0,21.0,3.0
369.0,10.0,1.0
370.0,10.0,3.0
370.0,4.0,1.0
370.0,5.0,5.0
370.0,1.0,2.0
370.0,11.0,1.0
370.0,2.0,2.0
370.0,3.0,1.0
370.0,14.0,2.0
370.0,22.0,1.0
370.0,24.0,1.0
370.0,30.0,1.0
370.0,18.0,1.0
370.0,23.0,1.0
371.0,4.0,4.0
371.0,25.0,4.0
371.0,2.0,4.0
371.0,3.0,2.0
371.0,10.0,2.0
372.0,3.0,4.0
372.0,10.0,3.0
372.0,4.0,4.0
372.0,22.0,2.0
372.0,5.0,2.0
372.0,14.0,2.0
372.0,16.0,2.0
372.0,25.0,1.0
372.0,26.0,2.0
373.0,16.0,6.0
373.0,13.0,6.0
373.0,21.0,2.0
373.0,3.0,4.0
373.0,9.0,1.0
373.0,10.0,1.0
373.0,12.0,1.0
373.0,2.0,1.0
373.0,14.0,3.0
374.0,10.0,1.0
374.0,21.0,2.0
374.0,25.0,1.0
374.0,14.0,1.0
374.0,22.0,1.0
374.0,15.0,3.0
374.0,3.0,3.0
374.0,16.0,1.0
374.0,17.0,1.0
374.0,4.0,1.0
374.0,0.0,1.0
375.0,3.0,7.0
375.0,7.0,1.0
375.0,8.0,1.0
375.0,10.0,4.0
375.0,4.0,7.0
375.0,16.0,2.0
375.0,2.0,4.0
375.0,11.0,3.0
375.0,28.0,1.0
375.0,17.0,1.0
375.0,21.0,1.0
375.0,18.0,1.0
376.0,3.0,5.0
376.0,21.0,2.0
376.0,11.0,1.0
376.0,14.0,2.0
376.0,22.0,2.0
376.0,10.0,2.0
376.0,16.0,1.0
376.0,4.0,1.0
376.0,20.0,1.0
376.0,19.0,1.0
376.0,8.0,1.0
377.0,4.0,5.0
377.0,11.0,2.0
377.0,2.0,3.0
377.0,3.0,3.0
377.0,22.0,1.0
377.0,25.0,5.0
377.0,5.0,1.0
377.0,26.0,1.0
377.0,16.0,2.0
378.0,5.0,2.0
378.0,11.0,2.0
379.0,5.0,2.0
379.0,11.0,2.0
379.0,2.0,5.0
379.0,26.0,1.0
379.0,4.0,3.0
379.0,25.0,4.0
379.0,20.0,1.0
379.0,14.0,2.0
379.0,16.0,2.0
379.0,3.0,1.0
379.0,10.0,2.0
379.0,0.0,1.0
379.0,21.0,1.0
379.0,8.0,1.0
380.0,3.0,7.0
380.0,14.0,1.0
380.0,10.0,1.0
380.0,4.0,1.0
380.0,12.0,1.0
380.0,25.0,2.0
380.0,20.0,1.0
380.0,16.0,2.0
380.0,22.0,2.0
380.0,11.0,1.0
381.0,3.0,7.0
381.0,12.0,1.0
381.0,21.0,4.0
381.0,5.0,3.0
381.0,11.0,4.0
381.0,10.0,5.0
381.0,9.0,1.0
381.0,25.0,1.0
381.0,2.0,1.0
382.0,3.0,5.0
382.0,6.0,1.0
382.0,10.0,4.0
382.0,4.0,6.0
382.0,22.0,3.0
382.0,16.0,4.0
382.0,7.0,1.0
382.0,17.0,1.0
382.0,25.0,4.0
382.0,2.0,2.0
382.0,13.0,2.0
383.0,3.0,7.0
383.0,10.0,4.0
383.0,4.0,3.0
383.0,25.0,1.0
383.0,2.0,1.0
383.0,19.0,2.0
383.0,21.0,3.0
383.0,17.0,1.0
383.0,11.0,2.0
384.0,3.0,5.0
384.0,14.0,2.0
384.0,16.0,6.0
384.0,25.0,5.0
384.0,20.0,1.0
384.0,21.0,1.0
384.0,4.0,5.0
384.0,11.0,1.0
384.0,2.0,1.0
385.0,21.0,1.0
385.0,3.0,6.0
385.0,14.0,5.0
385.0,22.0,2.0
385.0,30.0,1.0
385.0,0.0,2.0
385.0,10.0,4.0
385.0,25.0,2.0
385.0,4.0,4.0
386.0,24.0,1.0
386.0,3.0,7.0
386.0,21.0,1.0
386.0,0.0,1.0
386.0,7.0,1.0
386.0,16.0,1.0
387.0,3.0,3.0
387.0,21.0,5.0
387.0,10.0,6.0
387.0,5.0,5.0
387.0,2.0,3.0
387.0,25.0,2.0
387.0,20.0,1.0
387.0,11.0,2.0
387.0,30.0,1.0
387.0,4.0,1.0
388.0,21.0,6.0
388.0,11.0,5.0
388.0,4.0,3.0
388.0,2.0,1.0
388.0,10.0,4.0
388.0,19.0,2.0
388.0,3.0,4.0
388.0,22.0,3.0
388.0,14.0,1.0
388.0,12.0,1.0
388.0,8.0,1.0
389.0,3.0,5.0
389.0,10.0,5.0
389.0,4.0,5.0
389.0,19.0,2.0
389.0,14.0,1.0
390.0,3.0,9.0
390.0,22.0,3.0
390.0,14.0,2.0
390.0,10.0,3.0
390.0,21.0,2.0
390.0,8.0,1.0
390.0,12.0,2.0
390.0,11.0,1.0
391.0,21.0,1.0
391.0,4.0,3.0
391.0,25.0,5.0
391.0,2.0,3.0
391.0,3.0,4.0
391.0,12.0,1.0
391.0,10.0,6.0
391.0,6.0,1.0
391.0,5.0,1.0
391.0,11.0,1.0
392.0,3.0,6.0
392.0,21.0,2.0
392.0,4.0,3.0
392.0,25.0,1.0
392.0,2.0,3.0
392.0,14.0,1.0
392.0,16.0,1.0
392.0,6.0,1.0
392.0,10.0,3.0
392.0,0.0,1.0
392.0,11.0,2.0
393.0,21.0,2.0
393.0,11.0,2.0
393.0,3.0,2.0
393.0,12.0,2.0
393.0,30.0,1.0
393.0,23.0,2.0
393.0,29.0,1.0
393.0,10.0,3.0
393.0,5.0,1.0
393.0,7.0,1.0
393.0,4.0,3.0
393.0,25.0,2.0
393.0,2.0,1.0
394.0,21.0,1.0
394.0,23.0,6.0
394.0,27.0,1.0
395.0,21.0,2.0
395.0,5.0,5.0
395.0,10.0,1.0
395.0,2.0,1.0
396.0,3.0,3.0
396.0,21.0,2.0
396.0,24.0,1.0
396.0,10.0,5.0
396.0,0.0,2.0
396.0,5.0,3.0
396.0,11.0,3.0
396.0,12.0,1.0
396.0,23.0,2.0
397.0,4.0,4.0
397.0,25.0,4.0
397.0,2.0,4.0
397.0,3.0,2.0
397.0,10.0,2.0
397.0,11.0,2.0
397.0,16.0,2.0
398.0,3.0,6.0
398.0,4.0,1.0
398.0,25.0,1.0
398.0,5.0,1.0
398.0,24.0,1.0
398.0,21.0,4.0
398.0,10.0,3.0
398.0,11.0,1.0
398.0,12.0,1.0
399.0,3.0,7.0
399.0,30.0,1.0
399.0,14.0,3.0
399.0,16.0,2.0
399.0,13.0,2.0
399.0,22.0,3.0
399.0,12.0,1.0
399.0,21.0,1.0
399.0,6.0,1.0
399.0,10.0,2.0
399.0,4.0,2.0
400.0,3.0,7.0
400.0,21.0,2.0
400.0,0.0,1.0
400.0,4.0,2.0
400.0,7.0,1.0
400.0,25.0,1.0
400.0,24.0,1.0
400.0,28.0,1.0
400.0,9.0,2.0
