2018-01-02,12.61,12.77,12.6,12.73,12.624,12.65,313230.53
2018-01-03,12.73,12.8,12.66,12.67,12.63,12.642,378391.0
2018-01-04,12.7,12.73,12.62,12.66,12.638,12.637,278838.03
2018-01-05,12.67,12.71,12.62,12.69,12.668,12.636,310267.44
2018-01-08,12.69,12.71,12.63,12.68,12.686,12.642,313898.88
2018-01-09,12.68,12.74,12.66,12.71,12.682,12.653,262154.31
2018-01-10,12.7,13.09,12.68,13.02,12.752,12.691,906799.88
2018-01-11,12.95,13.04,12.87,12.94,12.808,12.723,378164.12
2018-01-12,12.97,13.0,12.9,12.9,12.85,12.759,242034.19
2018-01-15,12.88,13.08,12.85,13.02,12.918,12.802,613206.81
2018-01-16,12.97,13.06,12.78,12.9,12.956,12.819,748926.5
2018-01-17,12.91,13.42,12.89,13.11,12.974,12.863,1271328.12
2018-01-18,13.14,13.25,13.05,13.24,13.034,12.921,1116080.75
2018-01-19,13.33,13.61,13.18,13.25,13.104,12.977,1716488.75
2018-01-22,12.93,13.15,12.71,12.78,13.056,12.987,2725138.0
2018-01-23,12.75,12.92,12.68,12.9,13.056,13.006,2178274.5
2018-01-24,12.97,14.0,12.89,13.6,13.154,13.064,3796536.25
2018-01-25,13.54,13.76,13.36,13.66,13.238,13.136,1769896.25
2018-01-26,13.65,13.72,13.36,13.43,13.274,13.189,2184196.75
2018-01-29,13.48,13.53,13.32,13.46,13.41,13.233,1537831.0
2018-01-30,13.45,13.49,13.09,13.1,13.45,13.253,1078040.12
2018-01-31,13.05,13.19,12.98,13.17,13.364,13.259,1177032.62
2018-02-01,13.14,13.33,12.94,13.31,13.294,13.266,1735733.25
2018-02-02,13.19,13.19,13.01,13.14,13.236,13.255,717967.81
2018-02-05,13.0,13.54,12.98,13.48,13.24,13.325,1501496.62
2018-02-06,13.29,13.5,13.2,13.48,13.316,13.383,2443590.0
2018-02-07,13.58,13.9,13.24,13.45,13.372,13.368,2007701.12
2018-02-08,13.34,13.4,12.95,13.1,13.33,13.312,1094268.75
2018-02-09,12.89,12.98,12.24,12.78,13.258,13.247,1492573.5
2018-02-12,12.66,12.68,12.43,12.5,13.062,13.151,647992.0
2018-02-13,12.55,12.68,12.5,12.51,12.868,13.092,549002.12
2018-02-14,12.5,12.55,12.38,12.46,12.67,13.021,325978.12
2018-02-22,12.6,12.68,12.53,12.62,12.574,12.952,420122.84
2018-02-23,12.66,12.78,12.59,12.72,12.562,12.91,387365.16
2018-02-26,12.77,12.84,12.61,12.73,12.608,12.835,488060.56
2018-02-27,12.75,12.76,12.61,12.68,12.642,12.755,485610.88
2018-02-28,12.61,12.66,12.44,12.45,12.64,12.655,398889.38
2018-03-01,12.4,12.5,12.38,12.46,12.608,12.591,344910.31
2018-03-02,12.4,12.46,12.36,12.41,12.546,12.554,230241.31
2018-03-05,12.41,12.48,12.34,12.41,12.482,12.545,293434.62
2018-03-06,12.48,12.51,12.38,12.49,12.444,12.543,272226.69
2018-03-07,12.51,12.6,12.46,12.49,12.452,12.546,388175.75
2018-03-08,12.55,12.55,12.4,12.47,12.454,12.531,221641.31
2018-03-09,12.49,12.51,12.42,12.48,12.468,12.507,235582.88
2018-03-12,12.53,12.54,12.46,12.51,12.488,12.485,251618.2
2018-03-13,12.5,12.58,12.43,12.49,12.488,12.466,251450.0
2018-03-14,12.45,12.45,12.38,12.39,12.468,12.46,228046.03
2018-03-15,12.35,12.41,12.34,12.38,12.45,12.452,172877.73
2018-03-16,12.36,12.4,12.3,12.31,12.416,12.442,267814.0
2018-03-19,12.31,12.33,12.26,12.3,12.374,12.431,168960.48
2018-03-20,12.28,12.39,12.25,12.3,12.336,12.412,206722.83
2018-03-21,12.34,12.4,12.28,12.3,12.318,12.393,238784.66
2018-03-22,12.35,12.35,12.25,12.26,12.294,12.372,229484.84
2018-03-23,12.0,12.06,11.64,11.7,12.172,12.294,571063.94
2018-03-26,11.71,11.75,11.5,11.62,12.036,12.205,364250.53
2018-03-27,11.7,11.77,11.56,11.62,11.9,12.118,273328.09
2018-03-28,11.53,11.75,11.52,11.57,11.754,12.036,229112.81
2018-03-29,11.57,11.71,11.45,11.62,11.626,11.96,331088.06
2018-03-30,11.63,11.69,11.61,11.65,11.616,11.894,232719.66
2018-04-02,11.68,11.82,11.65,11.72,11.636,11.836,277196.0
2018-04-03,11.66,11.67,11.54,11.56,11.624,11.762,183035.14
2018-04-04,11.61,11.65,11.53,11.54,11.618,11.686,196375.09
2018-04-09,11.53,11.59,11.49,11.5,11.594,11.61,167224.81
2018-04-10,11.52,11.79,11.51,11.76,11.616,11.616,287482.97
2018-04-11,11.79,12.02,11.75,11.92,11.656,11.646,312985.19
2018-04-12,11.91,11.96,11.76,11.78,11.7,11.662,188242.89
2018-04-13,11.83,11.89,11.69,11.69,11.73,11.674,140948.53
2018-04-16,11.8,11.8,11.54,11.54,11.738,11.666,237200.95
2018-04-17,11.56,11.7,11.55,11.56,11.698,11.657,254699.83
2018-04-18,11.75,11.79,11.66,11.72,11.658,11.657,262952.75
2018-04-19,11.8,11.89,11.76,11.78,11.658,11.679,165532.7
2018-04-20,11.74,11.79,11.57,11.61,11.642,11.686,183774.06
2018-04-23,11.56,11.75,11.53,11.6,11.654,11.696,181816.09
2018-04-24,11.56,11.78,11.56,11.78,11.698,11.698,230328.61
2018-04-25,11.71,11.77,11.65,11.66,11.686,11.672,160826.34
2018-04-26,11.73,11.78,11.55,11.55,11.64,11.649,182057.94
2018-04-27,11.58,11.67,11.55,11.61,11.64,11.641,234507.83
2018-05-02,11.33,11.33,10.97,11.05,11.53,11.592,693256.81
2018-05-03,10.99,11.01,10.83,10.92,11.358,11.528,346655.72
2018-05-04,10.91,10.94,10.8,10.82,11.19,11.438,222530.89
2018-05-07,10.82,10.89,10.76,10.85,11.05,11.345,274253.78
2018-05-08,10.84,10.97,10.81,10.95,10.918,11.279,287964.53
2018-05-09,10.95,11.0,10.89,10.93,10.894,11.212,185106.2
2018-05-10,10.98,11.0,10.91,10.96,10.902,11.13,160305.0
2018-05-11,11.0,11.01,10.94,10.95,10.928,11.059,220151.34
2018-05-14,10.97,11.05,10.96,10.99,10.956,11.003,237633.09
2018-05-15,11.03,11.05,10.88,11.0,10.966,10.942,235484.59
2018-05-16,10.93,10.96,10.86,10.86,10.952,10.923,235803.45
2018-05-17,10.86,10.91,10.81,10.84,10.928,10.915,184746.91
2018-05-18,10.85,10.9,10.81,10.89,10.916,10.922,217171.05
2018-05-21,10.98,10.98,10.9,10.94,10.906,10.931,233937.23
2018-05-22,10.94,10.95,10.85,10.88,10.882,10.924,160145.02
2018-05-23,10.88,10.89,10.79,10.8,10.87,10.911,211944.69
2018-05-24,10.83,10.84,10.76,10.8,10.862,10.895,152295.8
2018-05-25,10.83,10.83,10.68,10.7,10.824,10.87,190162.27
2018-05-28,10.71,10.79,10.61,10.74,10.784,10.845,183703.44
2018-05-29,10.7,10.74,10.61,10.63,10.734,10.808,169339.8
2018-05-30,10.56,10.6,10.39,10.42,10.658,10.764,322307.88
2018-05-31,10.46,10.69,10.46,10.6,10.618,10.74,455326.69
2018-06-01,10.6,10.69,10.53,10.68,10.614,10.719,183655.27
2018-06-04,10.76,10.83,10.7,10.74,10.614,10.699,161803.25
2018-06-05,10.71,10.75,10.61,10.67,10.622,10.678,186926.09
2018-06-06,10.64,10.64,10.53,10.54,10.646,10.652,149836.03
2018-06-07,10.56,10.66,10.51,10.61,10.648,10.633,233556.33
2018-06-08,10.55,10.57,10.37,10.41,10.594,10.604,271819.97
2018-06-11,10.38,10.43,10.28,10.41,10.528,10.571,180042.94
2018-06-12,10.41,10.41,10.3,10.34,10.462,10.542,160856.67
2018-06-13,10.3,10.33,10.18,10.22,10.398,10.522,199615.77
2018-06-14,10.16,10.26,10.16,10.21,10.318,10.483,175575.28
2018-06-15,10.22,10.34,10.19,10.29,10.294,10.444,199149.91
2018-06-19,10.23,10.24,9.81,9.93,10.198,10.363,429884.72
2018-06-20,9.92,9.98,9.87,9.89,10.108,10.285,189157.41
2018-06-21,9.88,9.98,9.75,9.8,10.024,10.211,236369.61
2018-06-22,9.83,9.83,9.67,9.75,9.932,10.125,250400.02
2018-06-25,9.77,9.82,9.55,9.56,9.786,10.04,242443.8
2018-06-26,9.6,9.6,9.35,9.48,9.696,9.947,244240.95
2018-06-27,9.41,9.53,9.36,9.36,9.59,9.849,249137.7
2018-06-28,9.33,9.61,9.32,9.49,9.528,9.776,307413.38
2018-06-29,9.56,9.6,9.45,9.57,9.492,9.712,194935.45
2018-07-02,9.55,9.55,9.23,9.28,9.436,9.611,226690.89
2018-07-03,9.29,9.38,9.2,9.35,9.41,9.553,241235.52
2018-07-04,9.34,9.42,9.28,9.32,9.402,9.496,144647.77
2018-07-05,9.26,9.35,9.22,9.24,9.352,9.44,164954.38
2018-07-06,9.31,9.43,9.17,9.37,9.312,9.402,225944.44
2018-07-09,9.37,9.63,9.37,9.6,9.376,9.406,221725.66
2018-07-10,9.61,9.65,9.5,9.57,9.42,9.415,124028.37
2018-07-11,9.37,9.44,9.32,9.38,9.432,9.417,152039.33
2018-07-12,9.41,9.61,9.39,9.57,9.498,9.425,197048.38
2018-07-13,9.57,9.58,9.46,9.49,9.522,9.417,150263.39
2018-07-16,9.5,9.54,9.34,9.4,9.482,9.429,144141.19
2018-07-17,9.41,9.48,9.38,9.44,9.456,9.438,137134.95
2018-07-18,9.51,9.64,9.48,9.52,9.484,9.458,189227.0
2018-07-19,9.6,9.62,9.53,9.57,9.484,9.491,183604.81
2018-07-20,9.56,9.95,9.47,9.87,9.56,9.541,332756.5
2018-07-23,9.91,10.03,9.74,9.96,9.672,9.577,314844.34
2018-07-24,9.98,10.14,9.97,10.02,9.788,9.622,364245.59
2018-07-25,10.12,10.12,9.96,10.03,9.89,9.687,158899.7
2018-07-26,10.07,10.08,9.95,9.97,9.97,9.727,152063.3
2018-07-27,9.96,10.04,9.93,10.0,9.996,9.778,121200.67
2018-07-30,9.99,10.16,9.97,10.14,10.032,9.852,200963.64
2018-07-31,10.12,10.2,10.0,10.17,10.062,9.925,182030.08
2018-08-01,10.26,10.27,9.9,9.91,10.038,9.964,207418.84
2018-08-02,9.91,10.03,9.66,9.75,9.994,9.982,244838.7
2018-08-03,9.79,9.98,9.76,9.83,9.96,9.978,169979.39
2018-08-06,9.97,10.03,9.87,9.91,9.914,9.973,174444.92
2018-08-07,9.94,10.12,9.94,10.11,9.902,9.982,217846.61
2018-08-08,10.15,10.15,10.01,10.07,9.934,9.986,134619.92
2018-08-09,10.0,10.18,9.99,10.14,10.012,10.003,176898.53
2018-08-10,10.14,10.14,10.02,10.06,10.058,10.009,131726.33
2018-08-13,10.0,10.06,9.9,9.98,10.072,9.993,179276.69
2018-08-14,9.98,10.07,9.95,10.06,10.062,9.982,158685.84
2018-08-15,10.06,10.06,9.9,9.91,10.03,9.982,147870.33
2018-08-16,9.87,10.12,9.84,10.06,10.014,10.013,243236.52
2018-08-17,10.16,10.16,9.93,9.97,9.996,10.027,150904.55
2018-08-20,10.17,10.17,10.01,10.15,10.03,10.051,269753.0
2018-08-21,10.18,10.2,10.09,10.12,10.042,10.052,197865.34
2018-08-22,10.12,10.14,10.0,10.09,10.078,10.054,119935.41
2018-08-23,10.13,10.14,9.98,10.07,10.08,10.047,155378.12
2018-08-24,10.06,10.43,10.02,10.3,10.146,10.071,322688.38
2018-08-27,10.33,10.35,10.21,10.33,10.182,10.106,232666.45
2018-08-28,10.3,10.38,10.25,10.3,10.218,10.13,146096.84
2018-08-29,10.29,10.32,10.26,10.32,10.264,10.171,103620.0
2018-08-30,10.3,10.41,10.17,10.17,10.284,10.182,186218.91
2018-08-31,10.16,10.36,10.16,10.33,10.29,10.218,373117.25
2018-09-03,10.27,10.3,10.17,10.24,10.272,10.227,143095.39
2018-09-04,10.21,10.4,10.18,10.37,10.286,10.252,163530.59
2018-09-05,10.31,10.37,10.12,10.12,10.246,10.255,227292.31
2018-09-06,10.12,10.23,10.12,10.14,10.24,10.262,105469.16
2018-09-07,10.15,10.25,10.12,10.19,10.212,10.251,89957.16
2018-09-10,10.16,10.23,10.13,10.18,10.2,10.236,118228.13
2018-09-11,10.22,10.27,9.98,10.02,10.13,10.208,196890.42
2018-09-12,9.99,10.07,9.95,10.04,10.114,10.18,165061.03
2018-09-13,10.17,10.3,10.11,10.29,10.144,10.192,294171.97
2018-09-14,10.36,10.36,10.21,10.26,10.158,10.185,164507.8
2018-09-17,10.26,10.28,10.1,10.15,10.152,10.176,105353.43
2018-09-18,10.16,10.26,10.09,10.26,10.2,10.165,166847.89
2018-09-19,10.28,10.29,10.2,10.24,10.24,10.177,185506.44
2018-09-20,10.26,10.28,10.18,10.22,10.226,10.185,163070.52
2018-09-21,10.24,10.49,10.15,10.49,10.272,10.215,375714.31
2018-09-25,10.38,10.47,10.32,10.35,10.312,10.232,158791.98
2018-09-26,10.39,10.56,10.34,10.41,10.342,10.271,311758.0
2018-09-27,10.45,10.48,10.38,10.48,10.39,10.315,241827.14
2018-09-28,10.49,10.75,10.44,10.62,10.47,10.348,374306.03
2018-10-08,10.39,10.48,10.15,10.16,10.404,10.338,419572.75
2018-10-09,10.08,10.24,10.07,10.15,10.364,10.338,231590.27
2018-10-10,10.14,10.28,10.13,10.17,10.316,10.329,181247.02
2018-10-11,10.0,10.05,9.71,9.8,10.18,10.285,390567.84
2018-10-12,9.9,10.1,9.83,10.03,10.062,10.266,251451.27
2018-10-15,10.05,10.16,9.97,10.03,10.036,10.22,139578.44
2018-10-16,10.03,10.19,9.97,10.05,10.016,10.19,153083.44
2018-10-17,10.18,10.31,10.14,10.29,10.04,10.178,265208.94
2018-10-18,10.35,10.35,10.16,10.19,10.118,10.149,224039.88
2018-10-19,10.25,10.43,10.07,10.38,10.188,10.125,403313.88
2018-10-22,10.32,10.7,10.32,10.62,10.306,10.171,470034.09
2018-10-23,10.64,10.7,10.45,10.45,10.386,10.201,380890.34
2018-10-24,10.57,11.05,10.52,10.74,10.476,10.258,591655.5
2018-10-25,10.6,10.89,10.54,10.84,10.606,10.362,368665.94
2018-10-26,10.85,10.98,10.74,10.92,10.714,10.451,275193.09
2018-10-29,11.08,11.12,10.71,10.79,10.748,10.527,352659.59
2018-10-30,10.93,11.05,10.89,10.95,10.848,10.617,330860.5
2018-10-31,10.99,11.03,10.87,10.98,10.896,10.686,217371.14
2018-11-01,11.05,11.09,10.86,10.89,10.906,10.756,235053.22
2018-11-02,11.1,11.25,10.94,11.18,10.958,10.836,477889.19
2018-11-05,11.15,11.25,11.08,11.14,11.028,10.888,170127.59
2018-11-06,11.13,11.15,11.0,11.03,11.044,10.946,184224.77
2018-11-07,11.09,11.1,10.87,10.9,11.028,10.962,208438.64
2018-11-08,11.05,11.1,10.9,11.06,11.062,10.984,199916.83
2018-11-09,10.99,11.03,10.7,10.75,10.976,10.967,255700.5
2018-11-12,10.77,10.95,10.75,10.8,10.908,10.968,270158.28
2018-11-13,10.68,10.9,10.68,10.82,10.866,10.955,207087.3
2018-11-14,10.87,10.87,10.68,10.7,10.826,10.927,179981.83
2018-11-15,10.72,10.81,10.65,10.77,10.768,10.915,165800.59
2018-11-16,10.77,10.85,10.71,10.76,10.77,10.873,213944.17
2018-11-19,10.86,10.9,10.77,10.88,10.786,10.847,213847.94
2018-11-20,10.87,10.89,10.65,10.69,10.76,10.813,218837.8
2018-11-21,10.61,10.72,10.61,10.66,10.752,10.789,160274.58
2018-11-22,10.73,10.73,10.57,10.64,10.726,10.747,140083.05
2018-11-23,10.6,10.66,10.5,10.5,10.674,10.722,147150.09
2018-11-26,10.66,10.66,10.43,10.5,10.598,10.692,143773.95
2018-11-27,10.5,10.61,10.45,10.49,10.558,10.659,150846.66
2018-11-28,10.56,10.62,10.5,10.58,10.542,10.647,183396.2
2018-11-29,10.64,10.75,10.54,10.63,10.54,10.633,206856.84
2018-11-30,10.65,10.75,10.62,10.71,10.582,10.628,285726.5
2018-12-03,10.99,11.05,10.84,11.02,10.686,10.642,430490.69
2018-12-04,11.0,11.08,10.97,11.08,10.804,10.681,208112.94
2018-12-05,10.99,11.1,10.96,11.0,10.888,10.715,254912.17
2018-12-06,10.82,10.93,10.82,10.9,10.942,10.741,235979.97
2018-12-07,10.94,11.03,10.88,10.89,10.978,10.78,105805.5
2018-12-10,10.77,10.9,10.77,10.83,10.94,10.813,159275.62
2018-12-11,10.84,10.9,10.69,10.72,10.868,10.836,172342.22
2018-12-12,10.89,10.89,10.7,10.73,10.814,10.851,124487.91
2018-12-13,10.76,10.86,10.73,10.8,10.794,10.868,197923.41
2018-12-14,10.74,10.8,10.59,10.62,10.74,10.859,241638.31
2018-12-17,10.65,10.78,10.62,10.78,10.73,10.835,197462.28
2018-12-18,10.68,10.82,10.54,10.57,10.7,10.784,194516.77
2018-12-19,10.59,10.65,10.54,10.54,10.662,10.738,136036.33
2018-12-20,10.53,10.59,10.11,10.25,10.552,10.673,300699.12
2018-12-21,10.23,10.24,10.0,10.07,10.442,10.591,208858.62
2018-12-24,9.98,10.04,9.86,9.91,10.268,10.499,227798.81
2018-12-25,9.77,9.86,9.6,9.79,10.112,10.406,348103.97
2018-12-26,9.81,9.88,9.64,9.67,9.938,10.3,205692.02
2018-12-27,9.77,9.8,9.66,9.66,9.82,10.186,273475.62
2018-12-28,9.72,9.95,9.71,9.8,9.766,10.104,274040.28
2019-01-02,9.74,9.79,9.58,9.7,9.724,9.996,237628.22
2019-01-03,9.7,9.82,9.66,9.81,9.728,9.92,186542.62
2019-01-04,9.73,10.0,9.7,9.96,9.786,9.862,271728.44
2019-01-07,10.09,10.09,9.92,9.98,9.85,9.835,235973.77
2019-01-08,10.03,10.03,9.91,9.96,9.882,9.824,151049.33
2019-01-09,10.06,10.16,9.98,9.99,9.94,9.832,231637.2
2019-01-10,9.94,10.02,9.92,9.96,9.97,9.849,159235.66
2019-01-11,10.03,10.15,9.96,10.05,9.988,9.887,190690.69
2019-01-14,10.03,10.1,10.01,10.06,10.004,9.927,203528.41
2019-01-15,10.1,10.15,10.05,10.11,10.034,9.958,156321.25
2019-01-16,10.1,10.15,10.07,10.13,10.062,10.001,129883.4
2019-01-17,10.17,10.28,10.07,10.17,10.104,10.037,227660.48
2019-01-18,10.29,10.44,10.22,10.43,10.18,10.084,290871.41
2019-01-21,10.36,10.46,10.3,10.35,10.238,10.121,189477.89
2019-01-22,10.38,10.38,10.23,10.25,10.266,10.15,162505.56
2019-01-23,10.29,10.34,10.25,10.27,10.294,10.178,165203.27
2019-01-24,10.34,10.39,10.27,10.38,10.336,10.22,150066.98
2019-01-25,10.45,10.56,10.38,10.5,10.35,10.265,196965.88
2019-01-28,10.53,10.66,10.39,10.42,10.364,10.301,217690.73
2019-01-29,10.39,10.63,10.38,10.58,10.43,10.348,237680.05
2019-01-30,10.59,10.64,10.47,10.5,10.476,10.385,160542.56
2019-01-31,10.59,10.73,10.51,10.73,10.546,10.441,251310.34
2019-02-01,10.82,10.82,10.62,10.77,10.6,10.475,191193.44
2019-02-11,10.62,10.73,10.62,10.7,10.656,10.51,202165.69
2019-02-12,10.71,10.73,10.63,10.72,10.684,10.557,167696.02
2019-02-13,10.74,10.93,10.68,10.86,10.756,10.616,302486.94
2019-02-14,10.85,10.91,10.8,10.82,10.774,10.66,198152.86
2019-02-15,10.78,10.85,10.66,10.66,10.752,10.676,177587.89
2019-02-18,10.75,10.87,10.7,10.84,10.78,10.718,201022.19
2019-02-19,10.85,10.96,10.78,10.8,10.796,10.74,259527.45
2019-02-20,10.92,10.92,10.81,10.83,10.79,10.773,222863.11
2019-02-21,10.83,10.93,10.75,10.79,10.784,10.779,254023.91
2019-02-22,10.76,11.01,10.76,11.01,10.854,10.803,259074.38
2019-02-25,11.03,11.95,11.03,11.92,11.07,10.925,937122.62
2019-02-26,11.91,12.15,11.6,11.65,11.24,11.018,836432.62
2019-02-27,11.71,12.07,11.67,11.83,11.44,11.115,712016.0
2019-02-28,11.83,11.92,11.68,11.74,11.63,11.207,393934.12
2019-03-01,11.81,12.06,11.6,12.02,11.832,11.343,632546.19
2019-03-04,12.12,12.38,11.95,12.02,11.852,11.461,850247.75
2019-03-05,12.01,12.04,11.87,11.98,11.918,11.579,545642.0
2019-03-06,11.99,12.15,11.86,12.02,11.956,11.698,536931.62
2019-03-07,12.03,12.04,11.87,11.88,11.984,11.807,526188.25
2019-03-08,11.72,11.72,11.36,11.5,11.88,11.856,526705.31
2019-03-11,11.44,11.59,11.36,11.47,11.77,11.811,399220.19
2019-03-12,11.59,11.69,11.4,11.44,11.662,11.79,522118.06
2019-03-13,11.41,11.56,11.3,11.44,11.546,11.751,413730.12
2019-03-14,11.46,11.58,11.43,11.46,11.462,11.723,343379.0
2019-03-15,11.47,11.6,11.43,11.43,11.448,11.664,337693.19
2019-03-18,11.45,11.6,11.37,11.59,11.472,11.621,438795.62
2019-03-19,11.63,11.67,11.51,11.55,11.494,11.578,275002.31
2019-03-20,11.52,11.64,11.49,11.55,11.516,11.531,273254.25
2019-03-21,11.56,11.59,11.44,11.46,11.516,11.489,350370.34
2019-03-22,11.49,11.51,11.31,11.39,11.508,11.478,354364.47
2019-03-25,11.28,11.29,11.01,11.03,11.396,11.434,577165.75
2019-03-26,11.11,11.14,11.03,11.09,11.304,11.399,307957.22
2019-03-27,11.11,11.24,11.04,11.08,11.21,11.363,421244.88
2019-03-28,11.03,11.05,10.9,11.03,11.124,11.32,292961.19
2019-03-29,10.98,11.3,10.98,11.28,11.102,11.305,605262.69
2019-04-01,11.36,11.52,11.29,11.44,11.184,11.29,706374.06
2019-04-02,11.5,11.52,11.41,11.44,11.254,11.279,467147.09
2019-04-03,11.37,11.54,11.34,11.5,11.338,11.274,502710.28
2019-04-04,11.55,11.71,11.54,11.71,11.474,11.299,752325.25
2019-04-08,11.79,11.96,11.65,11.72,11.562,11.332,778703.75
2019-04-09,11.72,11.75,11.49,11.54,11.582,11.383,568959.94
2019-04-10,11.5,11.56,11.42,11.48,11.59,11.422,410275.38
2019-04-11,11.47,11.59,11.35,11.47,11.584,11.461,501727.94
2019-04-12,11.47,11.56,11.43,11.49,11.54,11.507,262736.91
2019-04-15,11.67,11.77,11.46,11.47,11.49,11.526,705091.69
2019-04-16,11.46,11.99,11.43,11.95,11.572,11.577,1006654.0
2019-04-17,11.96,12.09,11.88,11.91,11.658,11.624,681572.12
2019-04-18,11.91,12.05,11.84,11.91,11.746,11.665,430489.81
2019-04-19,12.01,12.2,11.86,12.01,11.85,11.695,560130.44
2019-04-22,12.02,12.07,11.68,11.71,11.898,11.694,533894.19
2019-04-23,11.68,11.8,11.63,11.7,11.848,11.71,338477.19
2019-04-24,11.76,11.77,11.51,11.62,11.79,11.724,382011.09
2019-04-25,11.56,11.69,11.48,11.54,11.716,11.731,408761.28
2019-04-26,11.43,11.56,11.28,11.32,11.578,11.714,424695.81
2019-04-29,11.35,11.54,11.34,11.48,11.532,11.715,385869.38
2019-04-30,11.7,12.09,11.7,11.97,11.586,11.717,1234747.38
2019-05-06,11.75,11.86,11.54,11.8,11.622,11.706,1245454.12
2019-05-07,11.82,11.94,11.6,11.8,11.674,11.695,854899.25
2019-05-08,11.64,11.78,11.49,11.51,11.712,11.645,585001.0
2019-05-09,11.48,11.56,11.1,11.12,11.64,11.586,641280.5
2019-05-10,11.23,11.42,11.06,11.32,11.51,11.548,485507.22
2019-05-13,11.2,11.4,11.15,11.31,11.412,11.517,402849.62
2019-05-14,11.18,11.44,11.17,11.21,11.294,11.484,418889.97
2019-05-15,11.28,11.42,11.23,11.32,11.256,11.484,344044.66
2019-05-16,11.28,11.36,11.22,11.3,11.292,11.466,341417.56
2019-05-17,11.32,11.35,11.2,11.24,11.276,11.393,383998.31
2019-05-20,11.28,11.44,11.25,11.34,11.282,11.347,349044.38
2019-05-21,11.33,11.45,11.31,11.32,11.304,11.299,329758.72
2019-05-22,11.32,11.34,11.12,11.16,11.272,11.264,400003.91
2019-05-23,11.12,11.15,10.95,11.1,11.232,11.262,363126.88
2019-05-24,11.17,11.22,11.0,11.11,11.206,11.241,241602.66
2019-05-27,11.09,11.26,10.96,11.22,11.182,11.232,350879.16
2019-05-28,11.19,11.3,11.02,11.29,11.176,11.24,722781.38
2019-05-29,11.17,11.29,11.07,11.12,11.168,11.22,408609.69
2019-05-30,11.18,11.18,11.03,11.11,11.17,11.201,266500.34
2019-05-31,11.11,11.23,11.05,11.13,11.174,11.19,369767.28
2019-06-03,11.17,11.29,11.13,11.28,11.186,11.184,304920.62
2019-06-04,11.29,11.37,11.26,11.35,11.198,11.187,250773.94
2019-06-05,11.43,11.52,11.35,11.41,11.256,11.212,314236.41
2019-06-06,11.51,11.51,11.38,11.47,11.328,11.249,264272.16
2019-06-10,11.57,11.7,11.53,11.61,11.424,11.299,431837.78
2019-06-11,11.35,11.45,11.27,11.42,11.452,11.319,522662.16
2019-06-12,11.42,11.7,11.4,11.6,11.502,11.35,506352.28
2019-06-13,11.57,11.79,11.5,11.7,11.56,11.408,469660.16
2019-06-14,11.74,11.87,11.71,11.79,11.624,11.476,473851.75
2019-06-17,11.78,11.92,11.75,11.77,11.656,11.54,352201.03
2019-06-18,11.82,11.9,11.72,11.82,11.736,11.594,289651.25
2019-06-19,12.04,12.07,11.81,11.88,11.792,11.647,449277.44
2019-06-20,11.95,12.32,11.85,12.2,11.892,11.726,716474.94
2019-06-21,12.18,12.3,12.03,12.09,11.952,11.788,553811.81
2019-06-24,12.09,12.13,11.96,12.03,12.004,11.83,341953.38
2019-06-25,11.98,11.98,11.51,11.66,11.972,11.854,803593.69
2019-06-26,11.56,11.73,11.55,11.66,11.928,11.86,369732.0
2019-06-27,11.68,11.84,11.55,11.64,11.816,11.854,479977.84
2019-06-28,11.67,11.68,11.54,11.68,11.734,11.843,295451.72
2019-07-01,11.86,11.92,11.69,11.71,11.67,11.837,548878.81
2019-07-02,11.72,11.74,11.57,11.61,11.66,11.816,511657.28
2019-07-03,11.62,11.63,11.51,11.56,11.64,11.784,365670.84
2019-07-04,11.61,11.67,11.57,11.62,11.636,11.726,303692.0
2019-07-05,11.63,11.64,11.53,11.57,11.614,11.674,257532.41
2019-07-08,11.56,11.57,11.31,11.36,11.544,11.607,347106.75
2019-07-09,11.4,11.43,11.33,11.37,11.496,11.578,218854.05
2019-07-10,11.43,11.43,11.31,11.35,11.454,11.547,234098.91
2019-07-11,11.43,11.46,11.34,11.4,11.41,11.523,232858.34
2019-07-12,11.39,11.62,11.39,11.52,11.4,11.507,348169.97
2019-07-15,11.4,11.54,11.22,11.5,11.428,11.486,403056.03
2019-07-16,11.5,11.57,11.44,11.55,11.464,11.48,216060.06
2019-07-17,11.49,11.57,11.46,11.48,11.49,11.472,174803.72
2019-07-18,11.53,11.53,11.45,11.49,11.508,11.459,182600.34
2019-07-19,11.51,11.63,11.49,11.58,11.52,11.46,196196.22
2019-07-22,11.54,11.63,11.47,11.48,11.516,11.472,256178.75
2019-07-23,11.43,11.56,11.43,11.49,11.504,11.484,179278.98
2019-07-24,11.54,11.68,11.53,11.59,11.526,11.508,241122.88
2019-07-25,11.57,11.96,11.57,11.88,11.604,11.556,559002.19
2019-07-26,11.83,11.94,11.81,11.87,11.662,11.591,303689.88
2019-07-29,11.9,11.94,11.8,11.86,11.738,11.627,214650.11
2019-07-30,11.84,12.0,11.84,11.86,11.812,11.658,337310.03
2019-07-31,11.81,11.94,11.73,11.87,11.868,11.697,306507.59
2019-08-01,11.76,11.85,11.63,11.65,11.822,11.713,324717.03
2019-08-02,11.48,11.56,11.41,11.48,11.744,11.703,389760.91
2019-08-05,11.42,11.46,11.23,11.24,11.62,11.679,427190.72
2019-08-06,11.1,11.23,10.97,11.09,11.466,11.639,452038.53
2019-08-07,11.14,11.16,11.05,11.07,11.306,11.587,314620.84
2019-08-08,11.15,11.31,11.11,11.26,11.228,11.525,332580.84
2019-08-09,11.31,11.41,11.26,11.37,11.206,11.475,406379.94
2019-08-12,11.33,11.45,11.31,11.43,11.244,11.432,349890.81
2019-08-13,11.4,11.4,11.29,11.33,11.292,11.379,188399.8
2019-08-14,11.42,11.48,11.28,11.28,11.334,11.32,198744.56
2019-08-15,11.16,11.32,11.12,11.29,11.34,11.284,191011.92
2019-08-16,11.25,11.34,11.21,11.22,11.31,11.258,248235.61
2019-08-19,11.22,11.38,11.08,11.38,11.3,11.272,382533.41
2019-08-20,11.3,11.47,11.28,11.37,11.308,11.3,237580.5
2019-08-21,11.35,11.44,11.34,11.41,11.334,11.334,146565.38
2019-08-22,11.43,11.45,11.37,11.43,11.362,11.351,158668.36
2019-08-23,11.39,11.59,11.38,11.59,11.436,11.373,336553.78
2019-08-26,11.39,11.44,11.15,11.3,11.42,11.36,418451.75
2019-08-27,11.37,11.57,11.3,11.3,11.406,11.357,662474.56
2019-08-28,11.37,11.4,11.3,11.32,11.388,11.361,255255.97
2019-08-29,11.3,11.35,11.18,11.23,11.348,11.355,280495.94
2019-08-30,11.34,11.37,11.22,11.28,11.286,11.361,254240.05
2019-09-02,11.3,11.42,11.24,11.34,11.294,11.357,277498.78
2019-09-03,11.39,11.41,11.31,11.35,11.304,11.355,162866.09
2019-09-04,11.4,11.5,11.36,11.49,11.338,11.363,306709.62
2019-09-05,11.5,11.74,11.5,11.62,11.416,11.382,468280.0
2019-09-06,11.68,11.7,11.58,11.69,11.498,11.392,343920.56
2019-09-09,11.78,11.79,11.68,11.75,11.58,11.437,400593.69
2019-09-10,11.79,11.86,11.69,11.85,11.68,11.492,370410.97
2019-09-11,11.85,12.0,11.85,11.95,11.772,11.555,390636.53
2019-09-12,12.08,12.09,11.92,12.0,11.848,11.632,261048.23
2019-09-16,11.99,12.01,11.83,11.93,11.896,11.697,254891.16
2019-09-17,11.96,12.01,11.77,11.81,11.908,11.744,335589.31
2019-09-18,11.94,12.0,11.87,11.93,11.924,11.802,313872.72
2019-09-19,12.0,12.0,11.88,11.94,11.922,11.847,237421.7
2019-09-20,11.99,11.99,11.85,11.95,11.912,11.88,401092.78
2019-09-23,11.9,11.92,11.68,11.75,11.876,11.886,277107.94
2019-09-24,11.81,11.86,11.73,11.75,11.864,11.886,218709.62
2019-09-25,11.75,11.95,11.69,11.81,11.84,11.882,301363.56
2019-09-26,11.88,12.18,11.84,11.97,11.846,11.884,727264.62
2019-09-27,11.95,11.99,11.76,11.9,11.836,11.874,368078.78
2019-09-30,11.85,12.07,11.81,11.84,11.854,11.865,359475.78
2019-10-08,11.8,12.03,11.8,11.9,11.884,11.874,324158.88
2019-10-09,11.82,12.13,11.8,11.99,11.92,11.88,422096.03
2019-10-10,12.02,12.04,11.91,11.96,11.918,11.882,272612.28
2019-10-11,12.05,12.45,12.0,12.45,12.028,11.932,920308.0
2019-10-14,12.59,13.22,12.52,12.94,12.248,12.051,1239701.0
2019-10-15,12.95,13.14,12.86,13.09,12.486,12.185,733945.94
2019-10-16,13.08,13.33,12.9,13.08,12.704,12.312,670022.25
2019-10-17,13.07,13.25,13.03,13.17,12.946,12.432,478693.12
2019-10-18,13.24,13.29,12.72,12.78,13.012,12.52,649928.94
2019-10-21,12.8,13.03,12.75,12.91,13.006,12.627,389962.88
2019-10-22,13.03,13.05,12.77,12.93,12.974,12.73,313962.56
2019-10-23,12.89,12.95,12.77,12.86,12.93,12.817,328214.12
2019-10-24,12.98,13.24,12.95,13.09,12.914,12.93,1031588.06
2019-10-25,13.09,13.09,12.78,12.9,12.938,12.975,978763.56
2019-10-28,12.75,12.88,12.65,12.7,12.896,12.951,723804.69
2019-10-29,12.74,12.85,12.62,12.77,12.864,12.919,526040.88
2019-10-30,12.75,12.79,12.52,12.59,12.81,12.87,537347.31
2019-10-31,12.68,12.7,12.5,12.51,12.694,12.804,333475.34
2019-11-01,12.5,12.83,12.44,12.75,12.664,12.801,627057.31
2019-11-04,12.75,12.89,12.69,12.74,12.672,12.784,497379.97
2019-11-05,12.74,13.19,12.69,12.95,12.708,12.786,742743.88
2019-11-06,12.95,13.1,12.86,12.92,12.774,12.792,460239.19
2019-11-07,12.95,12.95,12.71,12.76,12.824,12.759,462672.81
2019-11-08,12.8,12.81,12.56,12.57,12.788,12.726,488418.66
2019-11-11,12.48,12.48,12.29,12.29,12.698,12.685,385942.66
2019-11-12,12.31,12.36,12.17,12.24,12.556,12.632,392393.94
2019-11-13,12.21,12.29,12.15,12.23,12.418,12.596,322749.78
2019-11-14,12.23,12.27,12.1,12.14,12.294,12.559,289436.47
2019-11-15,12.22,12.26,12.12,12.15,12.21,12.499,273243.0
2019-11-18,12.17,12.35,12.13,12.24,12.2,12.449,287965.28
2019-11-19,12.2,12.31,12.18,12.23,12.198,12.377,293708.03
2019-11-20,12.17,12.22,12.01,12.04,12.16,12.289,380920.59
2019-11-21,12.0,12.04,11.91,11.96,12.124,12.209,346171.75
2019-11-22,12.01,12.06,11.94,11.99,12.092,12.151,295311.0
2019-11-25,12.03,12.14,12.0,12.07,12.058,12.129,251532.56
2019-11-26,12.15,12.17,11.98,12.06,12.024,12.111,596332.62
2019-11-27,12.07,12.07,11.9,11.99,12.014,12.087,287039.56
2019-11-28,12.0,12.01,11.92,11.96,12.014,12.069,177972.25
2019-11-29,11.93,12.07,11.89,11.91,11.998,12.045,245669.34
2019-12-02,11.96,11.97,11.82,11.87,11.958,12.008,221630.2
2019-12-03,11.81,11.9,11.77,11.86,11.918,11.971,195578.66
2019-12-04,11.78,11.83,11.7,11.75,11.87,11.942,247346.62
2019-12-05,11.79,11.89,11.76,11.89,11.856,11.935,249761.3
2019-12-06,11.92,11.95,11.83,11.92,11.858,11.928,206544.38
2019-12-09,11.9,11.93,11.85,11.9,11.864,11.911,173492.58
2019-12-10,11.88,11.91,11.86,11.86,11.864,11.891,153246.41
2019-12-11,11.88,11.99,11.85,11.98,11.91,11.89,334090.44
2019-12-12,11.99,11.99,11.88,11.9,11.912,11.884,270212.03
2019-12-13,11.98,12.12,11.94,12.12,11.952,11.905,595205.56
2019-12-16,12.12,12.15,12.0,12.13,11.998,11.931,379716.31
2019-12-17,12.17,12.51,12.1,12.39,12.104,11.984,574356.06
2019-12-18,12.36,12.5,12.34,12.4,12.188,12.049,345652.69
2019-12-19,12.4,12.5,12.38,12.41,12.29,12.101,237899.06
2019-12-20,12.41,12.55,12.38,12.42,12.35,12.151,401501.47
2019-12-23,12.46,12.46,12.17,12.2,12.364,12.181,370338.91
2019-12-24,12.21,12.29,12.2,12.28,12.342,12.223,216710.3
2019-12-25,12.29,12.29,12.2,12.24,12.31,12.249,136781.75
2019-12-26,12.26,12.32,12.23,12.29,12.286,12.288,157390.55
2019-12-27,12.25,12.43,12.25,12.32,12.266,12.308,279321.09
2019-12-30,12.27,12.36,12.12,12.34,12.294,12.329,410515.56
2019-12-31,12.32,12.38,12.21,12.37,12.312,12.327,319536.28
